row_index,point_index,frame_id,t,s,position_x,position_y,position_z,orientation_x,orientation_y,orientation_z,orientation_w,linear_velocity_x,linear_velocity_y,linear_velocity_z,angular_velocity_x,angular_velocity_y,angular_velocity_z,path_speed,path_acceleration,paint
12,0,world,0.0,0.0,1.9244422787791826,0.0836056594370197,-0.9675000059604665,0.031154310261333674,-0.706420136287281,0.7064201362872815,-0.031154310261321125,-0.0,-0.0,0.0,0.0,0.0,0.0,0.0,0.5,0
12,1,world,0.01,2.5e-05,1.9244173548674064,0.08360371043169164,-0.9675000059604665,0.031154310261333674,-0.706420136287281,0.7064201362872815,-0.031154310261321125,-0.004984782355253693,-0.00038980106561096935,8.882061674733024e-17,0.0,0.0,0.0,0.005,0.5,0
12,2,world,0.02,0.0001,1.9243425831320775,0.08359786341570748,-0.9675000059604665,0.031154310261333674,-0.706420136287281,0.7064201362872815,-0.031154310261321125,-0.009969564710507363,-0.0007796021312222145,1.7765788215856628e-16,0.0,0.0,0.0,0.01,0.5,0
12,3,world,0.03,0.000225,1.9242179635731962,0.08358811838906721,-0.9675000059604665,0.031154310261333674,-0.706420136287281,0.7064201362872815,-0.031154310261321125,-0.014954347065760992,-0.0011694031968340116,2.665284448976139e-16,0.0,0.0,0.0,0.015,0.5,0
12,4,world,0.04,0.0004,1.9240434961907624,0.08357447535177083,-0.9675000059604665,0.03115431026133368,-0.706420136287281,0.7064201362872815,-0.031154310261321122,-0.019939129421014556,-0.0015592042624466371,3.5544895362837902e-16,0.0,0.0,0.0,0.02,0.5,0
12,5,world,0.05,0.0006250000000000001,1.923819180984776,0.08355693430381833,-0.9675000059604665,0.03115431026133368,-0.706420136287281,0.7064201362872815,-0.031154310261321122,-0.024923911776268036,-0.001949005328060366,4.444360570147673e-16,0.0,0.0,0.0,0.025,0.5,0
12,6,world,0.06,0.0009,1.923545017955237,0.08353549524520973,-0.9675000059604665,0.031154310261333685,-0.706420136287281,0.7064201362872815,-0.03115431026132112,-0.0299086941315214,-0.002338806393675474,5.335064037206845e-16,0.0,0.0,0.0,0.03,0.5,0
12,7,world,0.07,0.0012250000000000002,1.9232210071021454,0.08351015817594502,-0.9675000059604665,0.031154310261333685,-0.706420136287281,0.7064201362872815,-0.03115431026132112,-0.03489347648677465,-0.002728607459292239,6.226766424100365e-16,0.0,0.0,0.0,0.035,0.5,0
12,8,world,0.08,0.0016,1.9228471484255014,0.0834809230960242,-0.9675000059604665,0.03115431026133369,-0.706420136287281,0.7064201362872815,-0.03115431026132111,-0.03987825884202773,-0.003118408524910935,7.119634217467294e-16,0.0,0.0,0.0,0.04,0.5,0
12,9,world,0.09,0.002025,1.9224234419253048,0.08344779000544728,-0.9675000059604665,0.03115431026133369,-0.706420136287281,0.7064201362872815,-0.03115431026132111,-0.04486304119728064,-0.0035082095905318374,8.013833903946682e-16,0.0,0.0,0.0,0.045,0.5,0
12,10,world,0.1,0.0025000000000000005,1.9219498876015557,0.08341075890421423,-0.9675000059604665,0.031154310261333695,-0.706420136287281,0.7064201362872815,-0.031154310261321108,-0.04984782355253337,-0.003898010656155226,8.909531970177597e-16,0.0,0.0,0.0,0.05,0.5,0
12,11,world,0.11,0.003025,1.9214264854542542,0.08336982979232509,-0.9675000059604665,0.0311543102613337,-0.706420136287281,0.7064201362872815,-0.0311543102613211,-0.05483260590778588,-0.004287811721781372,9.806894902799088e-16,0.0,0.0,0.0,0.055,0.5,0
12,12,world,0.12,0.0036,1.9208532354834,0.08332500266977984,-0.9675000059604664,0.031154310261333706,-0.706420136287281,0.7064201362872815,-0.031154310261321098,-0.059817388263038146,-0.004677612787410554,1.070608918845022e-15,0.0,0.0,0.0,0.06,0.5,0
12,13,world,0.13,0.0042250000000000005,1.9202301376889932,0.08327627753657847,-0.9675000059604664,0.03115431026133371,-0.706420136287281,0.7064201362872815,-0.03115431026132109,-0.06480217061829016,-0.0050674138530430474,1.1607281313770048e-15,0.0,0.0,0.0,0.065,0.5,0
12,14,world,0.14,0.004900000000000001,1.919557192071034,0.08322365439272099,-0.9675000059604664,0.031154310261333716,-0.706420136287281,0.7064201362872815,-0.031154310261321087,-0.0697869529735419,-0.005457214918679129,1.251063776539763e-15,0.0,0.0,0.0,0.07,0.5,0
12,15,world,0.15,0.005625,1.9188343986295222,0.0831671332382074,-0.9675000059604664,0.03115431026133372,-0.706420136287281,0.7064201362872815,-0.031154310261321084,-0.0747717353287933,-0.005847015984319072,1.341632502997202e-15,0.0,0.0,0.0,0.075,0.5,0
12,16,world,0.16,0.0064,1.9180617573644578,0.08310671407303771,-0.9675000059604664,0.031154310261333723,-0.706420136287281,0.7064201362872815,-0.031154310261321077,-0.07975651768404442,-0.006236817049963156,1.4324509594132286e-15,0.0,0.0,0.0,0.08,0.5,0
12,17,world,0.17,0.007225000000000001,1.917239268275841,0.0830423968972119,-0.9675000059604664,0.031154310261333733,-0.706420136287281,0.7064201362872815,-0.031154310261321067,-0.08474130003929518,-0.006626618115611653,1.5235357944517475e-15,0.0,0.0,0.0,0.085,0.5,0
12,18,world,0.18,0.0081,1.9163669313636715,0.08297418171073,-0.9675000059604664,0.03115431026133374,-0.706420136287281,0.7064201362872815,-0.031154310261321063,-0.08972608239454556,-0.007016419181264843,1.614903656776665e-15,0.0,0.0,0.0,0.09,0.5,0
12,19,world,0.19,0.009025,1.9154447466279496,0.08290206851359198,-0.9675000059604664,0.031154310261333747,-0.706420136287281,0.7064201362872815,-0.03115431026132106,-0.09471086474979556,-0.007406220246923,1.7065711950518873e-15,0.0,0.0,0.0,0.095,0.5,0
12,20,world,0.2,0.010000000000000002,1.9144727140686753,0.08282605730579785,-0.9675000059604663,0.031154310261333754,-0.706420136287281,0.7064201362872815,-0.03115431026132105,-0.09969564710504517,-0.0077960213125864005,1.79855505794132e-15,0.0,0.0,0.0,0.1,0.0,0
12,21,world,0.21,0.011,1.9134757575976244,0.08274809709267567,-0.9675000059604663,0.031154310261333765,-0.706420136287281,0.7064201362872815,-0.03115431026132104,-0.09969564710504229,-0.007796021312623193,1.800774879795427e-15,0.0,0.0,0.0,0.1,0.0,0
12,22,world,0.22,0.012,1.9124788011265736,0.08267013687955348,-0.9675000059604663,0.031154310261333768,-0.706420136287281,0.7064201362872815,-0.031154310261321032,-0.09969564710503942,-0.0077960213126599875,1.8029947016495335e-15,0.0,0.0,0.0,0.1,0.0,0
12,23,world,0.23,0.013000000000000001,1.911481844655523,0.0825921766664313,-0.9675000059604663,0.03115431026133378,-0.706420136287281,0.7064201362872815,-0.031154310261321025,-0.09969564710503653,-0.007796021312696778,1.80521452350364e-15,0.0,0.0,0.0,0.1,0.0,0
12,24,world,0.24,0.014,1.9104848881844723,0.08251421645330911,-0.9675000059604663,0.031154310261333782,-0.706420136287281,0.7064201362872815,-0.031154310261321018,-0.09969564710503365,-0.007796021312733572,1.8074343453577467e-15,0.0,0.0,0.0,0.1,0.0,0
12,25,world,0.25,0.015000000000000001,1.9094879317134215,0.08243625624018693,-0.9675000059604663,0.031154310261333792,-0.706420136287281,0.7064201362872815,-0.031154310261321008,-0.09969564710503077,-0.007796021312770365,1.8096541672118533e-15,0.0,0.0,0.0,0.1,0.0,0
12,26,world,0.26,0.016,1.9084909752423709,0.08235829602706474,-0.9675000059604661,0.031154310261333803,-0.706420136287281,0.7064201362872815,-0.031154310261321,-0.0996956471050279,-0.00779602131280716,1.8118739890659607e-15,0.0,0.0,0.0,0.1,0.0,0
12,27,world,0.27,0.017,1.90749401877132,0.08228033581394256,-0.9675000059604661,0.031154310261333806,-0.706420136287281,0.7064201362872815,-0.031154310261320994,-0.09969564710502503,-0.007796021312843952,1.8140938109200674e-15,0.0,0.0,0.0,0.1,0.0,0
12,28,world,0.28,0.018000000000000002,1.9064970623002693,0.08220237560082037,-0.9675000059604661,0.031154310261333817,-0.706420136287281,0.7064201362872815,-0.031154310261320983,-0.09969564710502216,-0.007796021312880746,1.816313632774174e-15,0.0,0.0,0.0,0.1,0.0,0
12,29,world,0.29,0.019,1.9055001058292185,0.08212441538769819,-0.9675000059604661,0.031154310261333824,-0.706420136287281,0.7064201362872815,-0.03115431026132098,-0.09969564710501927,-0.007796021312917539,1.8185334546282806e-15,0.0,0.0,0.0,0.1,0.0,0
12,30,world,0.3,0.02,1.904503149358168,0.08204645517457601,-0.9675000059604661,0.031154310261333834,-0.706420136287281,0.7064201362872815,-0.03115431026132097,-0.09969564710501638,-0.007796021312954331,1.8207532764823872e-15,0.0,0.0,0.0,0.1,0.0,0
12,31,world,0.31,0.021,1.903506192887117,0.08196849496145382,-0.9675000059604661,0.03115431026133384,-0.706420136287281,0.7064201362872815,-0.03115431026132096,-0.09969564710501351,-0.007796021312991124,1.822973098336494e-15,0.0,0.0,0.0,0.1,0.0,0
12,32,world,0.32,0.022000000000000002,1.9025092364160663,0.08189053474833163,-0.967500005960466,0.031154310261333848,-0.706420136287281,0.7064201362872815,-0.031154310261320955,-0.09969564710501064,-0.00779602131302792,1.825192920190601e-15,0.0,0.0,0.0,0.1,0.0,0
12,33,world,0.33,0.023000000000000003,1.9015122799450157,0.08181257453520945,-0.967500005960466,0.03115431026133386,-0.706420136287281,0.7064201362872815,-0.031154310261320945,-0.09969564710500776,-0.007796021313064712,1.827412742044708e-15,0.0,0.0,0.0,0.1,0.0,0
12,34,world,0.34,0.024000000000000004,1.900515323473965,0.08173461432208727,-0.967500005960466,0.031154310261333862,-0.706420136287281,0.7064201362872815,-0.03115431026132094,-0.09969564710500489,-0.007796021313101505,1.8296325638988145e-15,0.0,0.0,0.0,0.1,0.0,0
12,35,world,0.35000000000000003,0.025000000000000005,1.899518367002914,0.08165665410896508,-0.967500005960466,0.031154310261333872,-0.706420136287281,0.7064201362872815,-0.03115431026132093,-0.099695647105002,-0.007796021313138299,1.8318523857529215e-15,0.0,0.0,0.0,0.1,0.0,0
12,36,world,0.36,0.026,1.8985214105318633,0.0815786938958429,-0.967500005960466,0.031154310261333883,-0.706420136287281,0.7064201362872815,-0.03115431026132092,-0.09969564710499913,-0.007796021313175092,1.834072207607028e-15,0.0,0.0,0.0,0.1,0.0,0
12,37,world,0.37,0.027,1.8975244540608127,0.0815007336827207,-0.967500005960466,0.031154310261333886,-0.706420136287281,0.7064201362872815,-0.031154310261320917,-0.09969564710499625,-0.007796021313211884,1.8362920294611348e-15,0.0,0.0,0.0,0.1,0.0,0
12,38,world,0.38,0.028,1.896527497589762,0.08142277346959853,-0.967500005960466,0.031154310261333897,-0.706420136287281,0.7064201362872815,-0.031154310261320907,-0.09969564710499337,-0.007796021313248676,1.8385118513152414e-15,0.0,0.0,0.0,0.1,0.0,0
12,39,world,0.39,0.029000000000000005,1.895530541118711,0.08134481325647634,-0.9675000059604659,0.0311543102613339,-0.706420136287281,0.7064201362872815,-0.0311543102613209,-0.0996956471049905,-0.0077960213132854716,1.8407316731693484e-15,0.0,0.0,0.0,0.1,0.0,0
12,40,world,0.4,0.030000000000000006,1.8945335846476605,0.08126685304335415,-0.9675000059604659,0.03115431026133391,-0.706420136287281,0.7064201362872815,-0.03115431026132089,-0.09969564710498763,-0.007796021313322264,1.842951495023455e-15,0.0,0.0,0.0,0.1,0.0,0
12,41,world,0.41000000000000003,0.031000000000000007,1.8935366281766097,0.08118889283023198,-0.9675000059604659,0.03115431026133392,-0.706420136287281,0.7064201362872815,-0.031154310261320886,-0.09969564710498474,-0.007796021313359058,1.8451713168775617e-15,0.0,0.0,0.0,0.1,0.0,0
12,42,world,0.42,0.032,1.892539671705559,0.08111093261710979,-0.9675000059604659,0.031154310261333924,-0.706420136287281,0.7064201362872815,-0.031154310261320876,-0.09969564710498187,-0.007796021313395851,1.8473911387316687e-15,0.0,0.0,0.0,0.1,0.0,0
12,43,world,0.43,0.033,1.8915427152345081,0.0810329724039876,-0.9675000059604659,0.031154310261333935,-0.706420136287281,0.7064201362872815,-0.031154310261320865,-0.09969564710497898,-0.007796021313432643,1.849610960585775e-15,0.0,0.0,0.0,0.1,0.0,0
12,44,world,0.44,0.034,1.8905457587634575,0.08095501219086541,-0.9675000059604659,0.03115431026133394,-0.706420136287281,0.7064201362872815,-0.031154310261320862,-0.09969564710497611,-0.0077960213134694355,1.851830782439882e-15,0.0,0.0,0.0,0.1,0.0,0
12,45,world,0.45,0.035,1.8895488022924067,0.08087705197774324,-0.9675000059604658,0.03115431026133395,-0.706420136287281,0.7064201362872815,-0.03115431026132085,-0.09969564710497324,-0.007796021313506232,1.854050604293989e-15,0.0,0.0,0.0,0.1,0.0,0
12,46,world,0.46,0.036000000000000004,1.888551845821356,0.08079909176462105,-0.9675000059604658,0.03115431026133396,-0.706420136287281,0.7064201362872815,-0.031154310261320848,-0.09969564710497036,-0.007796021313543024,1.8562704261480955e-15,0.0,0.0,0.0,0.1,0.0,0
12,47,world,0.47000000000000003,0.037000000000000005,1.8875548893503054,0.08072113155149886,-0.9675000059604658,0.031154310261333966,-0.706420136287281,0.7064201362872815,-0.031154310261320838,-0.09969564710496748,-0.007796021313579817,1.8584902480022026e-15,0.0,0.0,0.0,0.1,0.0,0
12,48,world,0.48,0.038,1.8865579328792546,0.08064317133837667,-0.9675000059604658,0.031154310261333976,-0.706420136287281,0.7064201362872815,-0.031154310261320827,-0.0996956471049646,-0.0077960213136166094,1.860710069856309e-15,0.0,0.0,0.0,0.1,0.0,0
12,49,world,0.49,0.039,1.8855609764082037,0.0805652111252545,-0.9675000059604658,0.03115431026133398,-0.706420136287281,0.7064201362872815,-0.031154310261320824,-0.09969564710496173,-0.007796021313653404,1.8629298917104162e-15,0.0,0.0,0.0,0.1,0.0,0
12,50,world,0.5,0.04,1.884564019937153,0.08048725091213231,-0.9675000059604658,0.03115431026133399,-0.706420136287281,0.7064201362872815,-0.031154310261320813,-0.09969564710495885,-0.0077960213136901955,1.8651497135645224e-15,0.0,0.0,0.0,0.1,0.0,0
12,51,world,0.51,0.041,1.8835670634661024,0.08040929069901012,-0.9675000059604657,0.031154310261334,-0.706420136287281,0.7064201362872815,-0.031154310261320806,-0.09969564710495597,-0.007796021313726989,1.8673695354186294e-15,0.0,0.0,0.0,0.1,0.0,0
12,52,world,0.52,0.042,1.8825701069950516,0.08033133048588795,-0.9675000059604657,0.031154310261334004,-0.706420136287281,0.7064201362872815,-0.0311543102613208,-0.0996956471049531,-0.007796021313763783,1.869589357272736e-15,0.0,0.0,0.0,0.1,0.0,0
12,53,world,0.53,0.043000000000000003,1.8815731505240008,0.08025337027276576,-0.9675000059604657,0.031154310261334014,-0.706420136287281,0.7064201362872815,-0.03115431026132079,-0.09969564710495021,-0.007796021313800576,1.8718091791268427e-15,0.0,0.0,0.0,0.1,0.0,0
12,54,world,0.54,0.044000000000000004,1.8805761940529502,0.08017541005964357,-0.9675000059604657,0.031154310261334018,-0.706420136287281,0.7064201362872815,-0.031154310261320782,-0.09969564710494734,-0.0077960213138373695,1.8740290009809497e-15,0.0,0.0,0.0,0.1,0.0,0
12,55,world,0.55,0.045000000000000005,1.8795792375818994,0.08009744984652138,-0.9675000059604657,0.03115431026133403,-0.706420136287281,0.7064201362872815,-0.03115431026132077,-0.09969564710494447,-0.007796021313874163,1.8762488228350563e-15,0.0,0.0,0.0,0.1,0.0,0
12,56,world,0.56,0.046000000000000006,1.8785822811108486,0.08001948963339921,-0.9675000059604657,0.03115431026133404,-0.706420136287281,0.7064201362872815,-0.031154310261320768,-0.09969564710494158,-0.007796021313910955,1.878468644689163e-15,0.0,0.0,0.0,0.1,0.0,0
12,57,world,0.5700000000000001,0.04700000000000001,1.8775853246397978,0.07994152942027702,-0.9675000059604656,0.031154310261334042,-0.706420136287281,0.7064201362872815,-0.031154310261320758,-0.09969564710493871,-0.007796021313947749,1.88068846654327e-15,0.0,0.0,0.0,0.1,0.0,0
12,58,world,0.58,0.048,1.8765883681687472,0.07986356920715483,-0.9675000059604656,0.031154310261334053,-0.706420136287281,0.7064201362872815,-0.031154310261320747,-0.09969564710493584,-0.007796021313984542,1.8829082883973766e-15,0.0,0.0,0.0,0.1,0.0,0
12,59,world,0.59,0.049,1.8755914116976964,0.07978560899403264,-0.9675000059604656,0.03115431026133406,-0.706420136287281,0.7064201362872815,-0.031154310261320744,-0.09969564710493295,-0.007796021314021336,1.8851281102514836e-15,0.0,0.0,0.0,0.1,0.0,0
12,60,world,0.6,0.05,1.8745944552266456,0.07970764878091047,-0.9675000059604656,0.031154310261334067,-0.706420136287281,0.7064201362872815,-0.031154310261320733,-0.09969564710493008,-0.007796021314058129,1.8873479321055902e-15,0.0,0.0,0.0,0.1,0.0,0
12,61,world,0.61,0.051000000000000004,1.873597498755595,0.07962968856778828,-0.9675000059604656,0.031154310261334077,-0.706420136287281,0.7064201362872815,-0.03115431026132073,-0.0996956471049272,-0.007796021314094921,1.8895677539596972e-15,0.0,0.0,0.0,0.1,0.0,0
12,62,world,0.62,0.052000000000000005,1.8726005422845442,0.07955172835466609,-0.9675000059604656,0.031154310261334084,-0.706420136287281,0.7064201362872815,-0.03115431026132072,-0.09969564710492433,-0.007796021314131716,1.891787575813804e-15,0.0,0.0,0.0,0.1,0.0,0
12,63,world,0.63,0.053000000000000005,1.8716035858134934,0.07947376814154392,-0.9675000059604656,0.031154310261334094,-0.706420136287281,0.7064201362872815,-0.03115431026132071,-0.09969564710492144,-0.007796021314168507,1.8940073976679105e-15,0.0,0.0,0.0,0.1,0.0,0
12,64,world,0.64,0.054000000000000006,1.8706066293424426,0.07939580792842173,-0.9675000059604655,0.031154310261334098,-0.706420136287281,0.7064201362872815,-0.031154310261320706,-0.09969564710491857,-0.007796021314205301,1.896227219522017e-15,0.0,0.0,0.0,0.1,0.0,0
12,65,world,0.65,0.05500000000000001,1.869609672871392,0.07931784771529954,-0.9675000059604655,0.031154310261334108,-0.706420136287281,0.7064201362872815,-0.031154310261320695,-0.09969564710491569,-0.007796021314242095,1.898447041376124e-15,0.0,0.0,0.0,0.1,0.0,0
12,66,world,0.66,0.05600000000000001,1.8686127164003412,0.07923988750217735,-0.9675000059604655,0.03115431026133412,-0.706420136287281,0.7064201362872815,-0.03115431026132069,-0.09969564710491281,-0.007796021314278888,1.9006668632302307e-15,0.0,0.0,0.0,0.1,0.0,0
12,67,world,0.67,0.05700000000000001,1.8676157599292904,0.07916192728905518,-0.9675000059604655,0.031154310261334122,-0.706420136287281,0.7064201362872815,-0.03115431026132068,-0.09969564710490994,-0.007796021314315681,1.9028866850843374e-15,0.0,0.0,0.0,0.1,0.0,0
12,68,world,0.68,0.05800000000000001,1.8666188034582398,0.07908396707593299,-0.9675000059604655,0.031154310261334132,-0.706420136287281,0.7064201362872815,-0.03115431026132067,-0.09969564710490707,-0.007796021314352474,1.9051065069384444e-15,0.0,0.0,0.0,0.1,0.0,0
12,69,world,0.6900000000000001,0.05900000000000001,1.865621846987189,0.0790060068628108,-0.9675000059604655,0.031154310261334136,-0.706420136287281,0.7064201362872815,-0.031154310261320664,-0.09969564710490418,-0.0077960213143892666,1.9073263287925506e-15,0.0,0.0,0.0,0.1,0.0,0
12,70,world,0.7000000000000001,0.060000000000000005,1.8646248905161382,0.07892804664968861,-0.9675000059604654,0.031154310261334146,-0.706420136287281,0.7064201362872815,-0.031154310261320654,-0.09969564710490131,-0.007796021314426061,1.909546150646658e-15,0.0,0.0,0.0,0.1,0.0,0
12,71,world,0.71,0.061000000000000006,1.8636279340450874,0.07885008643656644,-0.9675000059604654,0.031154310261334157,-0.706420136287281,0.7064201362872815,-0.03115431026132065,-0.09969564710489842,-0.0077960213144628535,1.9117659725007646e-15,0.0,0.0,0.0,0.1,0.0,0
12,72,world,0.72,0.062000000000000006,1.8626309775740368,0.07877212622344425,-0.9675000059604654,0.03115431026133416,-0.706420136287281,0.7064201362872815,-0.03115431026132064,-0.09969564710489555,-0.007796021314499648,1.9139857943548713e-15,0.0,0.0,0.0,0.1,0.0,0
12,73,world,0.73,0.063,1.861634021102986,0.07869416601032206,-0.9675000059604654,0.03115431026133417,-0.706420136287281,0.7064201362872815,-0.031154310261320636,-0.09969564710489268,-0.0077960213145364405,1.9162056162089783e-15,0.0,0.0,0.0,0.1,0.0,0
12,74,world,0.74,0.064,1.8606370646319352,0.07861620579719988,-0.9675000059604654,0.031154310261334178,-0.706420136287281,0.7064201362872815,-0.031154310261320626,-0.0996956471048898,-0.007796021314573233,1.918425438063085e-15,0.0,0.0,0.0,0.1,0.0,0
12,75,world,0.75,0.065,1.8596401081608847,0.0785382455840777,-0.9675000059604654,0.031154310261334184,-0.706420136287281,0.7064201362872815,-0.031154310261320615,-0.09969564710488693,-0.0077960213146100275,1.9206452599171915e-15,0.0,0.0,0.0,0.1,0.0,0
12,76,world,0.76,0.066,1.8586431516898339,0.07846028537095551,-0.9675000059604653,0.031154310261334195,-0.706420136287281,0.7064201362872815,-0.031154310261320612,-0.09969564710488404,-0.00779602131464682,1.922865081771298e-15,0.0,0.0,0.0,0.1,0.0,0
12,77,world,0.77,0.067,1.857646195218783,0.07838232515783332,-0.9675000059604653,0.031154310261334202,-0.706420136287281,0.7064201362872815,-0.0311543102613206,-0.09969564710488116,-0.007796021314683613,1.925084903625405e-15,0.0,0.0,0.0,0.1,0.0,0
12,78,world,0.78,0.068,1.8566492387477322,0.07830436494471114,-0.9675000059604653,0.031154310261334212,-0.706420136287281,0.7064201362872815,-0.031154310261320598,-0.09969564710487828,-0.007796021314720406,1.9273047254795118e-15,0.0,0.0,0.0,0.1,0.0,0
12,79,world,0.79,0.069,1.8556522822766817,0.07822640473158896,-0.9675000059604653,0.031154310261334216,-0.706420136287281,0.7064201362872815,-0.031154310261320588,-0.09969564710487541,-0.0077960213147572,1.9295245473336184e-15,0.0,0.0,0.0,0.1,0.0,0
12,80,world,0.8,0.07,1.8546553258056309,0.07814844451846677,-0.9675000059604653,0.031154310261334226,-0.706420136287281,0.7064201362872815,-0.031154310261320577,-0.09969564710487254,-0.007796021314793993,1.9317443691877254e-15,0.0,0.0,0.0,0.1,0.0,0
12,81,world,0.81,0.07100000000000001,1.85365836933458,0.07807048430534458,-0.9675000059604653,0.031154310261334237,-0.706420136287281,0.7064201362872815,-0.03115431026132057,-0.09969564710486967,-0.007796021314830786,1.933964191041832e-15,0.0,0.0,0.0,0.1,0.0,0
12,82,world,0.8200000000000001,0.07200000000000001,1.8526614128635295,0.0779925240922224,-0.9675000059604651,0.03115431026133424,-0.706420136287281,0.7064201362872815,-0.031154310261320563,-0.09969564710486678,-0.00779602131486758,1.936184012895939e-15,0.0,0.0,0.0,0.1,0.0,0
12,83,world,0.8300000000000001,0.07300000000000001,1.8516644563924787,0.07791456387910022,-0.9675000059604651,0.03115431026133425,-0.706420136287281,0.7064201362872815,-0.031154310261320557,-0.0996956471048639,-0.007796021314904373,1.9384038347500457e-15,0.0,0.0,0.0,0.1,0.0,0
12,84,world,0.84,0.07399999999999998,1.8506674999214279,0.07783660366597803,-0.9675000059604651,0.031154310261334254,-0.706420136287281,0.7064201362872815,-0.031154310261320546,-0.09969564710486102,-0.007796021314941165,1.9406236566041523e-15,0.0,0.0,0.0,0.1,0.0,0
12,85,world,0.85,0.07499999999999998,1.8496705434503773,0.07775864345285585,-0.9675000059604651,0.031154310261334264,-0.706420136287281,0.7064201362872815,-0.03115431026132054,-0.09969564710485815,-0.00779602131497796,1.9428434784582593e-15,0.0,0.0,0.0,0.1,0.0,0
12,86,world,0.86,0.07599999999999998,1.8486735869793265,0.07768068323973366,-0.9675000059604651,0.031154310261334275,-0.706420136287281,0.7064201362872815,-0.031154310261320532,-0.09969564710485528,-0.007796021315014752,1.945063300312366e-15,0.0,0.0,0.0,0.1,0.0,0
12,87,world,0.87,0.07699999999999999,1.8476766305082757,0.07760272302661148,-0.9675000059604651,0.031154310261334278,-0.706420136287281,0.7064201362872815,-0.031154310261320522,-0.0996956471048524,-0.007796021315051545,1.9472831221664726e-15,0.0,0.0,0.0,0.1,0.0,0
12,88,world,0.88,0.07799999999999999,1.8466796740372249,0.0775247628134893,-0.9675000059604651,0.03115431026133429,-0.706420136287281,0.7064201362872815,-0.03115431026132052,-0.09969564710484952,-0.007796021315088337,1.949502944020579e-15,0.0,0.0,0.0,0.1,0.0,0
12,89,world,0.89,0.07899999999999999,1.8456827175661743,0.07744680260036711,-0.967500005960465,0.031154310261334296,-0.706420136287281,0.7064201362872815,-0.031154310261320508,-0.09969564710484663,-0.007796021315125132,1.951722765874686e-15,0.0,0.0,0.0,0.1,0.0,0
12,90,world,0.9,0.07999999999999999,1.8446857610951235,0.07736884238724492,-0.967500005960465,0.031154310261334302,-0.706420136287281,0.7064201362872815,-0.031154310261320498,-0.09969564710484376,-0.0077960213151619245,1.953942587728793e-15,0.0,0.0,0.0,0.1,0.0,0
12,91,world,0.91,0.08099999999999999,1.8436888046240727,0.07729088217412274,-0.967500005960465,0.031154310261334313,-0.706420136287281,0.7064201362872815,-0.031154310261320494,-0.09969564710484088,-0.007796021315198718,1.9561624095828994e-15,0.0,0.0,0.0,0.1,0.0,0
12,92,world,0.92,0.08199999999999999,1.842691848153022,0.07721292196100056,-0.967500005960465,0.03115431026133432,-0.706420136287281,0.7064201362872815,-0.031154310261320484,-0.09969564710483801,-0.0077960213152355115,1.9583822314370065e-15,0.0,0.0,0.0,0.1,0.0,0
12,93,world,0.93,0.08299999999999999,1.8416948916819713,0.07713496174787837,-0.967500005960465,0.031154310261334327,-0.706420136287281,0.7064201362872815,-0.03115431026132048,-0.09969564710483514,-0.007796021315272305,1.960602053291113e-15,0.0,0.0,0.0,0.1,0.0,0
12,94,world,0.9400000000000001,0.08399999999999999,1.8406979352109205,0.07705700153475618,-0.967500005960465,0.031154310261334334,-0.706420136287281,0.7064201362872815,-0.03115431026132047,-0.09969564710483225,-0.007796021315309098,1.96282187514522e-15,0.0,0.0,0.0,0.1,0.0,0
12,95,world,0.9500000000000001,0.08500000000000002,1.8397009787398697,0.076979041321634,-0.9675000059604649,0.031154310261334344,-0.706420136287281,0.7064201362872815,-0.03115431026132046,-0.09969564710482937,-0.007796021315345892,1.9650416969993267e-15,0.0,0.0,0.0,0.1,0.0,0
12,96,world,0.96,0.08600000000000002,1.8387040222688191,0.07690108110851182,-0.9675000059604649,0.031154310261334354,-0.706420136287281,0.7064201362872815,-0.031154310261320452,-0.09969564710482649,-0.007796021315382685,1.9672615188534337e-15,0.0,0.0,0.0,0.1,0.0,0
12,97,world,0.97,0.08700000000000002,1.8377070657977683,0.07682312089538963,-0.9675000059604649,0.031154310261334358,-0.706420136287281,0.7064201362872815,-0.031154310261320445,-0.09969564710482362,-0.007796021315419477,1.9694813407075404e-15,0.0,0.0,0.0,0.1,0.0,0
12,98,world,0.98,0.08800000000000002,1.8367101093267175,0.07674516068226744,-0.9675000059604649,0.03115431026133437,-0.706420136287281,0.7064201362872815,-0.03115431026132044,-0.09969564710482075,-0.00779602131545627,1.971701162561647e-15,0.0,0.0,0.0,0.1,0.0,0
12,99,world,0.99,0.08900000000000002,1.8357131528556667,0.07666720046914526,-0.9675000059604649,0.031154310261334372,-0.706420136287281,0.7064201362872815,-0.031154310261320428,-0.09969564710481787,-0.007796021315493064,1.9739209844157536e-15,0.0,0.0,0.0,0.1,0.0,0
12,100,world,1.0,0.09000000000000002,1.8347161963846161,0.07658924025602308,-0.9675000059604649,0.031154310261334382,-0.706420136287281,0.7064201362872815,-0.03115431026132042,-0.09969564710481499,-0.007796021315529857,1.9761408062698606e-15,0.0,0.0,0.0,0.1,0.0,0
12,101,world,1.01,0.09100000000000003,1.8337192399135653,0.07651128004290089,-0.9675000059604648,0.031154310261334393,-0.706420136287281,0.7064201362872815,-0.031154310261320414,-0.09969564710481212,-0.007796021315566649,1.9783606281239672e-15,0.0,0.0,0.0,0.1,0.0,0
12,102,world,1.02,0.09200000000000003,1.8327222834425145,0.0764333198297787,-0.9675000059604648,0.031154310261334396,-0.706420136287281,0.7064201362872815,-0.031154310261320404,-0.09969564710480923,-0.007796021315603444,1.980580449978074e-15,0.0,0.0,0.0,0.1,0.0,0
12,103,world,1.03,0.09300000000000003,1.8317253269714637,0.07635535961665652,-0.9675000059604648,0.031154310261334407,-0.706420136287281,0.7064201362872815,-0.0311543102613204,-0.09969564710480636,-0.007796021315640236,1.982800271832181e-15,0.0,0.0,0.0,0.1,0.0,0
12,104,world,1.04,0.09400000000000003,1.8307283705004131,0.07627739940353434,-0.9675000059604648,0.031154310261334413,-0.706420136287281,0.7064201362872815,-0.03115431026132039,-0.09969564710480348,-0.00779602131567703,1.9850200936862875e-15,0.0,0.0,0.0,0.1,0.0,0
12,105,world,1.05,0.09500000000000003,1.8297314140293623,0.07619943919041215,-0.9675000059604648,0.03115431026133442,-0.706420136287281,0.7064201362872815,-0.031154310261320386,-0.09969564710480061,-0.007796021315713823,1.9872399155403945e-15,0.0,0.0,0.0,0.1,0.0,0
12,106,world,1.06,0.09600000000000003,1.8287344575583115,0.07612147897728996,-0.9675000059604648,0.03115431026133443,-0.706420136287281,0.7064201362872815,-0.031154310261320376,-0.09969564710479772,-0.007796021315750617,1.989459737394501e-15,0.0,0.0,0.0,0.1,0.0,0
12,107,world,1.07,0.09700000000000003,1.827737501087261,0.07604351876416779,-0.9675000059604647,0.031154310261334438,-0.706420136287281,0.7064201362872815,-0.031154310261320366,-0.09969564710479485,-0.0077960213157874094,1.991679559248608e-15,0.0,0.0,0.0,0.1,0.0,0
12,108,world,1.08,0.09800000000000003,1.8267405446162102,0.0759655585510456,-0.9675000059604647,0.031154310261334445,-0.706420136287281,0.7064201362872815,-0.031154310261320362,-0.09969564710479198,-0.007796021315824202,1.9938993811027148e-15,0.0,0.0,0.0,0.1,0.0,0
12,109,world,1.09,0.09900000000000003,1.8257435881451594,0.07588759833792341,-0.9675000059604647,0.03115431026133445,-0.706420136287281,0.7064201362872815,-0.031154310261320352,-0.09969564710478909,-0.007796021315860996,1.9961192029568214e-15,0.0,0.0,0.0,0.1,0.0,0
12,110,world,1.1,0.10000000000000003,1.8247466316741086,0.07580963812480122,-0.9675000059604647,0.03115431026133448,-0.706420136287281,0.7064201362872815,-0.031154310261320366,-0.09969564710478622,-0.007796021315897799,1.9983390247310215e-15,1.5692447465577155e-10,-1.7713042978022264e-09,0.021775277851305976,0.1,0.0,1
12,111,world,1.11,0.10100000000000003,1.8237497048160722,0.07573130044615549,-0.9675000059604646,0.031308134456420576,-0.7064133356023644,0.7064133356012515,-0.03130813448152995,-0.09968971219386043,-0.007871548939394039,-3.554317841926348e-12,-1.0363932262490092e-11,1.166948519178007e-10,0.043550660550346086,0.1,0.0,1
12,112,world,1.12,0.10200000000000004,1.8227528376774151,0.07565220645292106,-0.9675000059604646,0.03146195793359397,-0.7064065013878233,0.7064065013878976,-0.031461957931924696,-0.09968370314516407,-0.007947284269912896,2.362944378165463e-13,1.0957901599443722e-11,-1.2275111870861146e-10,0.04355086198639346,0.1,0.0,1
12,113,world,1.1300000000000001,0.10300000000000004,1.8217560310019636,0.07557235406783235,-0.9675000059604647,0.03161578057359471,-0.706399633648491,0.7063996336472893,-0.03161578060044472,-0.0996776194685694,-0.008023227348086052,-3.800806173107493e-12,-2.355338221198186e-11,2.6247373160865577e-10,0.043551046903341384,0.1,0.0,1
12,114,world,1.1400000000000001,0.10400000000000004,1.8207592855384553,0.07549174121318716,-0.9675000059604647,0.03176960236879316,-0.7063927323842798,0.7063927323845224,-0.03176960236340084,-0.09967146067202064,-0.00809937821723653,7.633295531390089e-13,-1.0325074455408193e-12,1.146825726221498e-11,0.0435512153007735,0.1,0.0,1
12,115,world,1.1500000000000001,0.10500000000000004,1.819762602040557,0.0754103658108603,-0.9675000059604646,0.03192342319098923,-0.7063857976005528,0.7063857975993466,-0.03192342321767604,-0.09966522626182849,-0.008175736919601485,-3.777801494935347e-12,5.925815581263887e-11,-6.542506327021542e-10,0.04355136717830567,0.1,0.0,1
12,116,world,1.16,0.10600000000000001,1.8187659812668797,0.07532822578231745,-0.9675000059604649,0.032077243034124577,-0.7063788292972332,0.7063788292970566,-0.03207724303801317,-0.0996589157427802,-0.00825230349499073,-5.504785158157847e-13,6.399325716236396e-11,-7.031920407324686e-10,0.04355150253558731,0.1,0.0,1
12,117,world,1.17,0.10700000000000001,1.817769423980995,0.07524531904862958,-0.9675000059604646,0.032231061777318284,-0.7063718274794846,0.7063718274778117,-0.032231061813979923,-0.09965252861802451,-0.008329077982214324,-5.189976182412154e-12,-2.3102631649754383e-10,2.5263628793797266e-09,0.04355162137231622,0.1,0.0,1
12,118,world,1.18,0.10800000000000001,1.8167729309515228,0.07516164352963195,-0.9675000059604646,0.032384879433393465,-0.7063647921464409,0.7063647921479057,-0.03238487940144238,-0.09964606438912518,-0.008406060418431517,4.523185969062214e-12,-3.4008907876938163e-10,3.701112797222695e-09,0.04355172368821675,0.1,0.0,1
12,119,world,1.19,0.10900000000000001,1.8157765029519453,0.07507719714635978,-0.9675000059604645,0.03253869584364408,-0.7063577233051217,0.7063577233058516,-0.032538695827798524,-0.09963952255604541,-0.008483250839349305,2.243219663413825e-12,4.4233507145454634e-10,-4.790950079900687e-09,0.043551809483062434,0.1,0.0,1
12,120,world,1.2,0.11000000000000001,1.8147801407607986,0.07499197781893514,-0.9675000059604647,0.0326925109668972,-0.7063506209572405,0.7063506209555734,-0.032692511002916425,-0.09963290261697123,-0.008560649281282834,-5.099222724197564e-12,1.0468293230122325e-10,-1.1285726182866482e-09,0.04355187875665414,0.1,0.0,1
12,121,world,1.21,0.11100000000000002,1.8137838451616566,0.07490598346699508,-0.9675000059604645,0.03284632479924048,-0.7063434851028094,0.7063434851028018,-0.03284632479940689,-0.09962620406889072,-0.008638255774387647,-2.3558430688071904e-14,-3.190836584795352e-10,3.4233828660507014e-09,0.043551931508830875,0.1,0.0,1
12,122,world,1.22,0.11200000000000002,1.812787616943133,0.07481921200985583,-0.9675000059604647,0.033000137219599206,-0.7063363157473128,0.7063363157478993,-0.0330001372070469,-0.09961942640690134,-0.008716070350792806,1.77706823483789e-12,-4.036771045151097e-11,4.311318799479291e-10,0.04355196773947917,0.1,0.0,1
12,123,world,1.23,0.11300000000000002,1.8117914568988975,0.07473166136652874,-0.9675000059604645,0.033153948164233414,-0.7063291128936449,0.7063291128939242,-0.03315394815828276,-0.09961256912448774,-0.008794093041306556,8.424627624402881e-13,3.2374104421509727e-10,-3.4409549215287383e-09,0.04355198744851338,0.1,0.0,1
12,124,world,1.24,0.11400000000000002,1.810795365827693,0.07464332945573562,-0.9675000059604647,0.033307757559348616,-0.7063218765452247,0.7063218765435143,-0.03330775759561967,-0.09960563171364975,-0.00887232387397869,-5.135126546197763e-12,-4.007905245598445e-11,4.240070234621741e-10,0.043551990635888695,0.1,0.0,1
12,125,world,1.25,0.11500000000000002,1.8097993445333596,0.07455421419580592,-0.9675000059604646,0.03346156540234238,-0.7063146067021584,0.7063146067027254,-0.033461565390375494,-0.09959861366494377,-0.008950762873704039,1.6942497850402499e-12,-2.8997916096893005e-10,3.053560625963227e-09,0.04355197730159924,0.1,0.0,1
12,126,world,1.26,0.11600000000000002,1.808803393824898,0.07446431350420768,-0.9675000059604649,0.03361537155577211,-0.7063073033709671,0.7063073033713031,-0.033615371548713316,-0.09959151446711212,-0.009029410066388471,9.993832339672725e-13,8.045786513808894e-11,-8.433063542063653e-10,0.04355194744567312,0.1,0.0,1
12,127,world,1.27,0.11700000000000002,1.8078075145162862,0.07437362529973426,-0.9675000059604645,0.03376917597949837,-0.7062999665536349,0.7062999665536349,-0.03376917597949837,-0.09958433360729568,-0.00910826547652409,0.0,-3.709255242532593e-11,3.870581061451444e-10,0.04355190106817763,0.1,0.0,1
12,128,world,1.28,0.11800000000000002,1.8068117074267132,0.07428214750011185,-0.9675000059604645,0.03392297861876726,-0.7062925962528779,0.7062925962534806,-0.03392297860621604,-0.0995770705713144,-0.009187329124150937,1.7770418770742137e-12,1.327438201356986e-10,-1.3787364047761614e-09,0.04355183816921965,0.1,0.0,1
12,129,world,1.29,0.11900000000000002,1.8058159733805192,0.0741898780228594,-0.9675000059604646,0.03407677937580847,-0.7062851924735308,0.7062851924725868,-0.03407677939537416,-0.09956972484326444,-0.0092666010293208,-2.7702073961822273e-12,9.380274631592757e-11,-9.700057036710424e-10,0.043551758748945915,0.1,0.0,1
12,130,world,1.3,0.12000000000000002,1.8048203132072107,0.07409681478530605,-0.9675000059604648,0.03423057823256187,-0.7062777552166459,0.7062777552165872,-0.03423057823377672,-0.09956229590570825,-0.009346081210014722,-1.7200643944701974e-13,-3.4762749334486415e-10,3.577861037302619e-09,0.043551662807533385,0.1,0.0,1
12,131,world,1.31,0.12100000000000002,1.803824727741477,0.07400295570460845,-0.9675000059604645,0.03438437510520651,-0.7062702844864879,0.7062702844880073,-0.03438437507399506,-0.099554783239567,-0.009425769683311384,4.419174315461428e-12,6.74793575698941e-11,-6.911846313969096e-10,0.043551550345197504,0.1,0.0,1
12,132,world,1.32,0.12200000000000003,1.8028292178232044,0.07390829869776826,-0.9675000059604646,0.034538169883752336,-0.7062627802886693,0.70626278028813,-0.03453816989477672,-0.09954718632421515,-0.009505666464377574,-1.5609414619141583e-12,4.224953853770714e-11,-4.310375109875109e-10,0.043551421362203344,0.1,0.0,1
12,133,world,1.33,0.12300000000000003,1.8018337842974939,0.07381284168165009,-0.9675000059604647,0.03469196257908946,-0.7062552426229564,0.706255242624189,-0.03469196255399631,-0.09953950463768894,-0.009585771564329292,3.5529775770589066e-12,-1.6358026561935237e-10,1.6609540657220997e-09,0.04355127585883573,0.1,0.0,1
12,134,world,1.34,0.12400000000000003,1.800838428014767,0.07371658257204906,-0.9675000059604649,0.03484575306209712,-0.7062476714960095,0.7062476714966287,-0.034845753049546874,-0.09953173765618745,-0.009666084995481997,1.777029341306866e-12,1.7488233636727517e-10,-1.7678643830363817e-09,0.043551113835428784,0.1,0.0,1
12,135,world,1.35,0.12500000000000003,1.799843149830507,0.07361951928655686,-0.9675000059604647,0.034999541291492,-0.7062400669102434,0.7062400669102434,-0.034999541291492,-0.09952388485454089,-0.009746606766464348,0.0,1.7569279920082607e-10,-1.7683237378268829e-09,0.04355093529235269,0.1,0.0,1
12,136,world,1.36,0.12600000000000003,1.7988479506055481,0.07352164974173701,-0.9675000059604645,0.03515332720167218,-0.7062324288693151,0.7062324288686905,-0.03515332721422213,-0.09951594570592937,-0.00982733688516476,-1.7770278915092337e-12,8.824052878658895e-11,-8.841219702719823e-10,0.04355074023001096,0.1,0.0,1
12,137,world,1.37,0.12700000000000003,1.7978528312059987,0.07342297185408912,-0.9675000059604646,0.03530711073331106,-0.70622475737662,0.7062247573759926,-0.035307110745860876,-0.09950791968210812,-0.009908275356444238,-1.777027636507702e-12,-1.835920392184624e-10,1.8298148591475422e-09,0.05347928302826406,0.1,0.0,1
12,138,world,1.3800000000000001,0.12800000000000003,1.7968577925032487,0.0733234835401687,-0.9675000059604647,0.0355310102091436,-0.7062135281297844,0.7062135281304598,-0.035531010195718644,-0.09949980625334744,-0.009989422182805437,1.9009762163597638e-12,-1.693978427919292e-10,1.6780522773435267e-09,0.0696460888224959,0.1,0.0,1
12,139,world,1.3900000000000001,0.12900000000000003,1.7958628353739734,0.07322318271670546,-0.9675000059604647,0.035798960064273584,-0.7061999960764065,0.7061999960769779,-0.0357989600530017,-0.0994916048880437,-0.010070777368276912,1.5961327847196054e-12,-8.366641516564467e-11,8.230659999678757e-10,0.0758848236270275,0.1,0.0,1
12,140,world,1.4000000000000001,0.13000000000000003,1.7948679607003648,0.07312206729849002,-0.9675000059604648,0.03606690882352642,-0.7061863621508954,0.7061863621521778,-0.03606690879841732,-0.09948331505359344,-0.010152340909734605,3.555592389254266e-12,8.130719101211746e-11,-7.939132752689859e-10,0.07588592687874723,0.1,0.0,1
12,141,world,1.41,0.131,1.793873169369661,0.07302013520320623,-0.9675000059604646,0.03633485611211659,-0.7061726263678817,0.7061726263678817,-0.03633485611211659,-0.0994749362154371,-0.010234112806429389,0.0,9.96036682142536e-11,-9.653424820125585e-10,0.07588694275229955,0.1,0.0,1
12,142,world,1.42,0.132,1.792878462274534,0.07291738434773833,-0.9675000059604648,0.036602801620451264,-0.7061587887391433,0.7061587887397343,-0.036602801609049225,-0.09946646783781585,-0.010316093052544053,1.6146576635880296e-12,0.0,0.0,0.07588787124066476,0.1,0.0,1
12,143,world,1.43,0.133,1.7918838403130632,0.0728138126486199,-0.9675000059604646,0.036870744971549345,-0.706144849280403,0.706144849280403,-0.036870744971549345,-0.09945790938313886,-0.010398281643393764,0.0,1.7665315351927425e-10,-1.687005558416156e-09,0.07588871233742232,0.1,0.0,1
12,144,world,1.44,0.134,1.7908893043889187,0.07270941802047437,-0.9675000059604646,0.037138685828914386,-0.7061308080057839,0.7061308080051236,-0.03713868584146799,-0.09944926031261758,-0.010480678569311687,-1.7778013026180199e-12,9.188761745310379e-11,-8.71129640995213e-10,0.07588946603676051,0.1,0.0,1
12,145,world,1.45,0.135,1.7898948554107645,0.07260419838187476,-0.9675000059604647,0.03740662385217107,-0.7061166649300824,0.706116664929427,-0.0374066238645417,-0.09944052008580373,-0.010563283820141801,-1.751923843542463e-12,-2.1782577834023257e-11,2.0505474288421838e-10,0.0758901323334773,0.1,0.0,1
12,146,world,1.46,0.136,1.7889004942928584,0.07249815164974979,-0.9675000059604646,0.03767455868891101,-0.7061024200692105,0.7061024200686961,-0.03767455869855202,-0.0994316881609922,-0.010646097381444808,-1.3653841745814478e-12,9.320878297951581e-11,-8.709558216889791e-10,0.07589071122296033,0.1,0.0,1
12,147,world,1.47,0.137,1.7879062219549202,0.07239127574082499,-0.9675000059604646,0.03794248998164165,-0.7060880734398458,0.7060880734385163,-0.037942490006381446,-0.09942276399453231,-0.010729119240996867,-3.5037833451953123e-12,6.5891742836533165e-12,-6.103416969281844e-11,0.07589120270121215,0.1,0.0,1
12,148,world,1.48,0.138,1.7869120393222664,0.07228356857056918,-0.9675000059604647,0.038210417406648906,-0.7060736250573377,0.7060736250567688,-0.03821041741715642,-0.09941374704190802,-0.010812349378720974,-1.4881612045369993e-12,-2.623401747864283e-10,2.4167368344943347e-09,0.07589160676484,0.1,0.0,1
12,149,world,1.49,0.139,1.785917947325287,0.07217502805816192,-0.9675000059604649,0.03847834060491904,-0.7060590749394076,0.70605907493993,-0.03847834059533016,-0.09940463675646544,-0.010895787778548285,1.358083901031224e-12,-1.4180324943237643e-10,1.296969600761097e-09,0.07589192341104395,0.1,0.0,1
12,150,world,1.5,0.14,1.7849239469000453,0.07206565212111143,-0.9675000059604648,0.03874625921537161,-0.7060444231043932,0.7060444231048276,-0.038746259207455204,-0.09939543259074042,-0.010979434416197302,1.121233672088449e-12,-1.0496604593925863e-10,9.535640554374263e-10,0.07589215263763872,0.1,0.0,1
12,151,world,1.51,0.14100000000000001,1.7839300389881587,0.07195543867651037,-0.9675000059604646,0.03901417291009128,-0.7060296695693048,0.706029669570583,-0.03901417288695657,-0.0993861339953808,-0.011063289269119493,3.2767327458784138e-12,2.2671311450667926e-10,-2.0452145414316257e-09,0.0758922944430397,0.1,0.0,1
12,152,world,1.52,0.14200000000000002,1.7829362245367733,0.07184438564146117,-0.9675000059604646,0.03928208130366252,-0.7060148143548068,0.7060148143536308,-0.03928208132480238,-0.09937674041969027,-0.011147352311535665,-2.994252030780239e-12,2.593703279109606e-10,-2.323713666948717e-09,0.0758923488262679,0.1,0.0,1
12,153,world,1.53,0.14300000000000002,1.7819425044982828,0.071732490935727,-0.9675000059604648,0.039549984106398844,-0.7059998574767445,0.705999857476191,-0.039549984116279704,-0.09936725131152606,-0.011231623515415063,-1.3995548778933766e-12,-2.2814530234593952e-10,2.030018015378708e-09,0.07589231578694751,0.1,0.0,1
12,154,world,1.54,0.14400000000000002,1.7809488798307758,0.07161975247785794,-0.9675000059604648,0.03981788094652362,-0.7059847989559892,0.7059847989564237,-0.03981788093881889,-0.09935766611749432,-0.01131610284879569,1.0913445246166214e-12,3.494427305450867e-11,-3.0881133950100786e-10,0.07589219532530651,0.1,0.0,1
12,155,world,1.55,0.14500000000000002,1.779955351498013,0.07150616818559097,-0.9675000059604646,0.04008577145395019,-0.7059696388138386,0.7059696388130284,-0.04008577146821868,-0.09934798428248884,-0.011400790279903879,-2.021118995731066e-12,-5.835887889147837e-11,5.122423810566476e-10,0.07589198744217546,0.1,0.0,1
12,156,world,1.56,0.14600000000000002,1.7789619204691784,0.07139173597818955,-0.9675000059604647,0.04035365532695837,-0.7059543770682021,0.7059543770690585,-0.04035365531197479,-0.09933820525016834,-0.011485685772971039,2.12245701397506e-12,-1.485811616482587e-10,1.295398635029693e-09,0.07589169213899111,0.1,0.0,1
12,157,world,1.57,0.14700000000000002,1.77796858771891,0.07127645377629035,-0.9675000059604648,0.040621532172810546,-0.7059390137426415,0.7059390137428798,-0.04062153216866905,-0.09932832846265505,-0.011570789290921918,5.866635132336065e-13,3.002320902539897e-10,-2.600167553284181e-09,0.07589130941779965,0.1,0.0,1
12,158,world,1.58,0.14800000000000002,1.776975354227551,0.07116031949985825,-0.9675000059604647,0.04088940165687746,-0.7059235488579075,0.7059235488566349,-0.04088940167884883,-0.09931835336083134,-0.011656100792848515,-3.1124271232788446e-12,-8.680834662820205e-11,7.467922830883329e-10,0.07589083928124281,0.1,0.0,1
12,159,world,1.59,0.14900000000000002,1.7759822209812473,0.07104333106755192,-0.9675000059604647,0.04115726347121294,-0.7059079824336605,0.7059079824345209,-0.04115726345645731,-0.09930827938416562,-0.01174162023557692,2.0903042535290188e-12,-1.757316683210843e-10,1.5019004843719327e-09,0.07589028173256865,0.1,0.0,1
12,160,world,1.6,0.15000000000000002,1.7749891889714173,0.07092548640137254,-0.9675000059604649,0.041425117211385254,-0.7058923144956482,0.7058923144956116,-0.04142511721200741,-0.09929810597054776,-0.011827347575085008,-8.813726700224781e-14,-1.8763881140283668e-10,1.5933176447707833e-09,0.07588963677563243,0.1,0.0,1
12,161,world,1.61,0.15100000000000002,1.7739962591951828,0.0708067834231199,-0.9675000059604649,0.04169296258323408,-0.7058765450636769,0.7058765450658862,-0.04169296254582994,-0.09928783255671995,-0.011913282762897196,5.298958468127606e-12,-5.190293138315108e-12,4.37615263842405e-11,0.07588890441488544,0.1,0.0,1
12,162,world,1.62,0.15200000000000002,1.7730034326553823,0.07068722005442966,-0.9675000059604648,0.04196079917547461,-0.70586067416492,0.7058606741649202,-0.04196079917547461,-0.09927745857769392,-0.011999425751021156,0.0,1.6378566742852373e-10,-1.3727208188789233e-09,0.07588808465539897,0.1,0.0,1
12,163,world,1.6300000000000001,0.15300000000000002,1.7720107103607392,0.07056679421556263,-0.9675000059604647,0.04222862670664971,-0.7058447018193665,0.7058447018204366,-0.04222862668876325,-0.09926698346770864,-0.012085776484018798,2.5340455792321387e-12,-2.5279780697094914e-11,2.1054549015585518e-10,0.0758871775028324,0.1,0.0,1
12,164,world,1.6400000000000001,0.15400000000000003,1.7710180933251414,0.07044550383147866,-0.9675000059604648,0.042496444785959,-0.7058286280539732,0.7058286280541535,-0.04249644478296547,-0.09925640665909663,-0.012172334908473467,4.241147412697125e-13,9.886536983182429e-11,-8.181511809468512e-10,0.07588618296344878,0.1,0.0,1
12,165,world,1.6500000000000001,0.15500000000000003,1.7700255825684144,0.07032334682556557,-0.9675000059604648,0.04276425309215773,-0.7058124528920341,0.705812452892413,-0.04276425308590534,-0.09924572758313033,-0.01225910096602059,8.85841206612497e-13,1.4438451820992208e-10,-1.1870883888327584e-09,0.07588510104413253,0.1,0.0,1
12,166,world,1.6600000000000001,0.15600000000000003,1.7690331791161906,0.07020032112089673,-0.9675000059604646,0.0430320512578181,-0.705796176360105,0.7057961763592584,-0.04303205127170504,-0.09923494566966427,-0.012346074596355762,-1.9675532459745287e-12,2.2198356259971633e-10,-1.8140719723963346e-09,0.07341572420377,0.1,0.0,1
12,167,world,1.67,0.157,1.7680408839977246,0.07007642465784888,-0.9675000059604648,0.04328241883183682,-0.7057808669977286,0.70578086699653,-0.04328241885138246,-0.099224064685085,-0.012433221118039713,-2.7693580822698888e-12,-3.37341283661394e-10,2.7434798923054006e-09,0.055995762440657106,0.1,0.0,1
12,168,world,1.68,0.158,1.7670486971790726,0.06995166386482209,-0.9675000059604649,0.043427260460498655,-0.7057719695828788,0.7057719695844251,-0.043427260435368036,-0.09921335454835066,-0.012518397631616813,3.560716172826835e-12,-3.5070836109595647e-10,2.8390599696731135e-09,0.041044700985595456,0.1,0.0,1
12,169,world,1.69,0.159,1.7660566157826654,0.06982606750318426,-0.9675000059604648,0.043572100844541065,-0.7057630424072893,0.7057630424085755,-0.04357210082370754,-0.09920298161009966,-0.012600334902939337,2.9519009264814773e-12,2.855049610290144e-10,-2.3033919169287893e-09,0.04104486661425298,0.1,0.0,1
12,170,world,1.7,0.16000000000000003,1.7650646363961129,0.06969966796124287,-0.9675000059604646,0.04371693994144619,-0.7057540854732306,0.7057540854727578,-0.04371693994907757,-0.09919295390697443,-0.012679033685926011,-1.0813021098882104e-12,3.4672266032578816e-11,-2.788141323943646e-10,0.04104501841433722,0.1,0.0,1
12,171,world,1.71,0.16100000000000003,1.7640727555280644,0.06957249762128834,-0.9675000059604647,0.04386177773486036,-0.7057450987813786,0.7057450987824269,-0.043861777717993114,-0.0991832791532985,-0.01275449475278675,2.389973487804646e-12,-5.58830775136154e-11,4.4785600098088453e-10,0.0410451563855339,0.1,0.0,1
12,172,world,1.72,0.16200000000000003,1.7630809696117973,0.06944458885653676,-0.9675000059604646,0.04400661412207046,-0.7057360823378037,0.705736082337725,-0.044006614123331254,-0.09917396474227134,-0.012826718882813438,-1.7864903500327472e-13,-4.7445382289555166e-11,3.7885910751012394e-10,0.04104528052756914,0.1,0.0,1
12,173,world,1.73,0.16300000000000003,1.7620892750084538,0.06931597403091642,-0.9675000059604647,0.044151449090295856,-0.705727036143031,0.7057270361444236,-0.04415144906803987,-0.0991650177475582,-0.012895706848655798,3.1535964889467605e-12,9.980350160103443e-11,-7.946182130033608e-10,0.0410453908401913,0.1,0.0,1
12,174,world,1.74,0.16400000000000003,1.7610976680096857,0.06918668550338422,-0.9675000059604647,0.04429628253463068,-0.7057179602033749,0.7057179602025863,-0.0442962825471951,-0.09915644492072326,-0.012961459434939211,-1.7803568852625927e-12,5.241751624496423e-10,-4.159010752664946e-09,0.04104548732317762,0.1,0.0,1
12,175,world,1.75,0.16500000000000004,1.7601061448413469,0.06905675562416017,-0.9675000059604648,0.04444111443456794,-0.7057088545199172,0.7057088545175929,-0.0444411144714779,-0.09914825269427813,-0.013023977413661684,-5.23013616957654e-12,-2.1577185089455247e-10,1.706469041805396e-09,0.04104556997633072,0.1,0.0,1
12,176,world,1.76,0.16600000000000004,1.7591147016666577,0.06892621673507268,-0.9675000059604647,0.04458594476644313,-0.7056997190939528,0.7056997190946928,-0.04458594475473035,-0.09914044718184839,-0.013083261542258093,1.6597185910554066e-12,-3.681721697641277e-10,2.9021577623295786e-09,0.04104563879948647,0.1,0.0,1
12,177,world,1.77,0.16700000000000004,1.7581233345893457,0.06879510117008737,-0.9675000059604647,0.04473077341088509,-0.7056905539328582,0.7056905539331357,-0.044730773406505296,-0.09913303417786318,-0.013139312565374732,6.206304380127974e-13,6.31938963360947e-11,-4.966034667484254e-10,0.04104569379250264,0.1,0.0,1
12,178,world,1.78,0.16800000000000004,1.7571320396565295,0.06866344125776604,-0.9675000059604647,0.04487560034476469,-0.7056813590379846,0.7056813590382802,-0.04487560034011764,-0.09912601915739286,-0.013192131215546047,6.585114654908936e-13,2.942646209396143e-11,-2.304267952311524e-10,0.041045734955269586,0.1,0.0,1
12,179,world,1.79,0.16900000000000004,1.7561408128623248,0.06853126931825482,-0.9675000059604647,0.04502042550747043,-0.7056721344130902,0.7056721344131603,-0.045020425506369276,-0.09911940727841818,-0.013241718195727503,1.5604059691102686e-13,-1.6229795741203216e-10,1.26687969230913e-09,0.04104576228770959,0.1,0.0,1
12,180,world,1.8,0.17000000000000004,1.7551496501509714,0.06839861766393845,-0.9675000059604647,0.045165248858565196,-0.7056628800606873,0.7056628800621385,-0.04516524883589233,-0.09911320338198054,-0.01328807417808029,3.212940741877887e-12,-1.6743829016038642e-10,1.302570587995465e-09,0.04104577578975535,0.1,0.0,1
12,181,world,1.81,0.17100000000000004,1.7541585474196966,0.06826551860203439,-0.9675000059604648,0.045310070318285656,-0.7056535959858434,0.7056535959871043,-0.04531007029865001,-0.09910741199079051,-0.013331199814259648,2.782576117591491e-12,2.923772417447716e-10,-2.2673162595675982e-09,0.04104577546138813,0.1,0.0,1
12,182,world,1.82,0.17200000000000004,1.7531675005221063,0.06813200443323408,-0.9675000059604647,0.04545488983094416,-0.7056442821921374,0.7056442821915195,-0.045454889840535216,-0.09910203731089241,-0.013371095722882557,-1.359169506181568e-12,2.871813978436249e-10,-2.219756385525339e-09,0.04104576130261001,0.1,0.0,1
12,183,world,1.83,0.17300000000000004,1.7521765052714013,0.06799810745167639,-0.9675000059604648,0.045599707368173245,-0.705634938681424,0.7056349386806515,-0.04559970738012594,-0.09909708323283294,-0.013407762480928138,-1.693867337919757e-12,-2.0168867143178615e-10,1.5540159873410524e-09,0.041045733313444584,0.1,0.0,1
12,184,world,1.84,0.17400000000000004,1.751185557443511,0.06786385994551969,-0.9675000059604647,0.04574452287506776,-0.7056255654572986,0.7056255654581105,-0.04574452286254355,-0.09909255333167152,-0.01344120062382212,1.7748828381558652e-12,1.205147127070109e-10,-9.255825532787044e-10,0.04104569149394805,0.1,0.0,1
12,185,world,1.85,0.17500000000000004,1.7501946527800083,0.06772929419912786,-0.9675000059604647,0.045889336252256566,-0.7056161625262898,0.7056161625246558,-0.045889336277381315,-0.09908845086486297,-0.013471410661160846,-3.560632905879861e-12,3.3489878478182467e-10,-2.563874878895785e-09,0.04104563584420715,0.1,0.0,1
12,186,world,1.86,0.17600000000000005,1.7492037869915764,0.06759444249119054,-0.9675000059604647,0.046034147495320976,-0.7056067298888093,0.7056067298872458,-0.04603414751928621,-0.09908477877591781,-0.013498393049819944,-3.396356921267903e-12,-1.6080470740193889e-10,1.2271982386263017e-09,0.041045566364338454,0.1,0.0,1
12,187,world,1.87,0.17700000000000005,1.748212955761095,0.06745933709562218,-0.9675000059604646,0.046178956537547985,-0.705597267549346,0.7055972675488448,-0.04617895654520587,-0.09908153969419017,-0.013522148195779347,-1.085290901856056e-12,-2.1741498101710922e-10,1.65385765285911e-09,0.0410454830544752,0.1,0.0,1
12,188,world,1.8800000000000001,0.17800000000000005,1.7472221547466271,0.0673240102832348,-0.9675000059604647,0.04632376331194708,-0.705587775512458,0.7055877755124301,-0.04632376331237204,-0.09907873593292316,-0.013542676468633611,-6.022651028184045e-14,-1.772471108582795e-11,1.3435780643395185e-10,0.04104538591479155,0.1,0.0,1
12,189,world,1.8900000000000001,0.17900000000000005,1.7462313795846898,0.06718849432127648,-0.9675000059604646,0.04646856776190294,-0.7055782537820716,0.7055782537816933,-0.0464685677676482,-0.09907636949094949,-0.013559978189247025,-8.142545427977039e-13,1.1280421358442064e-10,-8.526180001616802e-10,0.041045274945477626,0.1,0.0,1
12,190,world,1.9000000000000001,0.18000000000000005,1.7452406258934199,0.06705282147376676,-0.9675000059604647,0.04661336983807183,-0.705568702361676,0.705568702360846,-0.046613369850633225,-0.09907444205351061,-0.013574053623938981,-1.7803059958780655e-12,-5.354605798115919e-11,4.0359383635913113e-10,0.04104515014676311,0.1,0.0,1
12,191,world,1.9100000000000001,0.18100000000000005,1.7442498892756773,0.06691702400227688,-0.9675000059604648,0.04675816949602173,-0.7055591212544711,0.705559121254471,-0.04675816949602173,-0.09907295499253772,-0.013584902982597812,0.0,-4.263256534265294e-11,3.2015502260054237e-10,0.04104501151890044,0.1,0.0,1
12,192,world,1.92,0.18200000000000002,1.7432591653221214,0.06678113416691098,-0.9675000059604647,0.04690296666091647,-0.7055495104657113,0.7055495104651793,-0.04690296666891995,-0.09907190936374674,-0.013592526439979906,-1.134354063000398e-12,-8.737455449130436e-12,6.542058745230833e-11,0.04104485906216536,0.1,0.0,1
12,193,world,1.93,0.18300000000000002,1.7422684496144585,0.06664518422603505,-0.9675000059604648,0.04704776129664661,-0.7055398699981269,0.705539869998189,-0.04704776129571528,-0.09907130591047902,-0.01359692410776369,1.3200211607076829e-13,-2.61002338187494e-10,1.94837554343112e-09,0.041044692776869396,0.1,0.0,1
12,194,world,1.94,0.18400000000000002,1.7412777377285298,0.06650920643716321,-0.9675000059604646,0.047192553344820455,-0.7055301998559639,0.7055301998572839,-0.047192553325085373,-0.09907114506352681,-0.013598096035902603,2.797186640646321e-12,8.787415333280559e-12,-6.541364741658967e-11,0.025249596056743193,0.1,0.0,1
12,195,world,1.95,0.18500000000000003,1.740287025237434,0.06637323305759983,-0.9675000059604648,0.04722590576173541,-0.7055279681380348,0.7055279681380346,-0.04722590576173541,-0.0990714269372008,-0.013596042241287973,0.0,-4.615197118060708e-11,3.4319908061508633e-10,0.007811763158020038,0.1,0.0,1
12,196,world,1.96,0.18600000000000003,1.7392963077146928,0.06623729634476846,-0.9675000059604646,0.04724766755143553,-0.7055265111326072,0.7055265111342561,-0.04724766752681424,-0.0990721513341653,-0.01359076267250106,3.4897628062239544e-12,-5.55111512664665e-15,-6.938893908308313e-16,0.006168940539597628,0.1,0.0,1
12,197,world,1.97,0.18700000000000003,1.7383055807373584,0.06610142855694844,-0.9675000059604646,0.04726942927269143,-0.7055250534575183,0.7055250534575183,-0.04726942927269143,-0.09907331774285195,-0.013582257228601508,0.0,2.0757284793069811e-10,-1.5420983944036574e-09,0.0061689408359675004,0.1,0.0,1
12,198,world,1.98,0.18800000000000003,1.7373148398891833,0.06596566195358944,-0.9675000059604649,0.047291190963581316,-0.7055235951102174,0.7055235951103962,-0.047291190960916094,-0.09907492533804688,-0.013570525754753888,3.777642423066657e-13,-7.976952436991237e-11,5.923976590809598e-10,0.006168941085386044,0.1,0.0,1
12,199,world,1.99,0.18900000000000003,1.736324080763744,0.06583002879593022,-0.9675000059604646,0.047312952611827594,-0.7055221360915269,0.7055221360920925,-0.04731295260339316,-0.0990769729800403,-0.013555568048310145,1.195485631845797e-12,-3.014255513769131e-12,2.252156795819629e-11,0.006168941287853252,0.1,0.0,1
12,200,world,2.0,0.19000000000000003,1.7353332989675758,0.06569456134753984,-0.9675000059604648,0.04733471421008305,-0.7055206764019393,0.7055206764021394,-0.047334714207097194,-0.09907945921565135,-0.01353738385117604,4.2321227397466144e-13,-3.9224179484884683e-11,2.909096576588678e-10,0.006168941443363493,0.1,0.0,1
12,201,world,2.0100000000000002,0.19100000000000006,1.73434249012332,0.06555929187481539,-0.9675000059604647,0.047356475771289736,-0.7055192160405862,0.7055192160414304,-0.04735647575871335,-0.09908238227758807,-0.013515972854289938,1.7825705986835042e-12,1.0300649229005523e-10,-7.639736070835268e-10,0.006168941551920493,0.1,0.0,1
12,202,world,2.02,0.19200000000000003,1.7333516498728623,0.0654242526474814,-0.9675000059604647,0.04737823727271253,-0.7055177550089937,0.7055177550084639,-0.04737823728060418,-0.09908574008375262,-0.013491334702505181,-1.1185610762954293e-12,1.6517343059337105e-10,-1.224177010538523e-09,0.006168941613526768,0.1,0.0,1
12,203,world,2.0300000000000002,0.19300000000000006,1.73236077388048,0.06528947593907705,-0.9675000059604648,0.04739999874094734,-0.7055162933053767,0.7055162933050505,-0.04739999874580106,-0.09908953023798227,-0.013463468988934524,-6.879665007736687e-13,-9.176548415859575e-11,6.799866229961446e-10,0.006168941628181712,0.1,0.0,1
12,204,world,2.04,0.19400000000000003,1.7313698578359877,0.0651549940274276,-0.9675000059604646,0.04742176016585786,-0.705514830930415,0.7055148309305352,-0.04742176016406767,-0.09909375002915786,-0.013432375261240179,2.537412125846937e-13,-2.7843283252235036e-10,2.0617847719982932e-09,0.00616894159588272,0.1,0.0,1
12,205,world,2.05,0.195,1.7303788974578629,0.06502083919527844,-0.9675000059604647,0.04744352155348904,-0.7055133678837019,0.7055133678853496,-0.04744352152898633,-0.09909839643099685,-0.013398053022920527,3.4730320990747926e-12,-3.980149545805647e-12,2.944519629990632e-11,0.006168941516629971,0.1,0.0,1
12,206,world,2.06,0.19600000000000004,1.7293878884964315,0.06488704373049625,-0.9675000059604648,0.04746528287311738,-0.7055119041673039,0.7055119041674525,-0.04746528287090794,-0.09910346610174108,-0.013360501735378809,3.131688900628485e-13,1.7338352986568146e-10,-1.2828238479621544e-09,0.006168941390424678,0.1,0.0,1
12,207,world,2.07,0.197,1.7283968267370629,0.06475363992618358,-0.9675000059604646,0.047487044160219885,-0.7055104397788351,0.705510439779255,-0.04748704415398279,-0.09910895538375074,-0.013319720820712,8.840527302011647e-13,-1.3838930010730098e-11,1.0233966458546681e-10,0.006168941217269436,0.1,0.0,1
12,208,world,2.08,0.19800000000000004,1.7274057080032508,0.06462066008164428,-0.9675000059604646,0.04750880539815073,-0.7055089747194154,0.7055089747196622,-0.04750880539448412,-0.09911486030315386,-0.013275709664130797,5.19710868016184e-13,-6.999956174701424e-12,5.1813414702728995e-11,0.006168940997155924,0.1,0.0,1
12,209,world,2.09,0.199,1.7264145281598098,0.06448813650252083,-0.9675000059604648,0.047530566592961926,-0.7055075089886373,0.7055075089891072,-0.04753056658598712,-0.09912117656994973,-0.013228467613024965,9.88620664373195e-13,-4.682920720839114e-11,3.459635358167808e-10,0.006168940730089695,0.1,0.0,1
12,210,world,2.1,0.20000000000000004,1.7254232831160397,0.06435610150112817,-0.9675000059604647,0.04755232774068272,-0.7055060425867682,0.7055060425873473,-0.047552327732090026,-0.09912789957690735,-0.013177993985071246,1.2179444204057362e-12,-5.327960298555452e-11,3.934179373663104e-10,0.006168940416075599,0.1,0.0,1
12,211,world,2.11,0.201,1.7244319688288985,0.0642245873967576,-0.9675000059604647,0.04757408884315494,-0.7055045755136841,0.7055045755145322,-0.047574088830578336,-0.09913502439945435,-0.013124288069057067,1.782631515761009e-12,8.180678359986869e-11,-6.039023450220509e-10,0.0047191215224529764,0.1,0.0,1
12,212,world,2.12,0.20200000000000004,1.7234405896962437,0.06409356294987954,-0.9675000059604647,0.04758562137091904,-0.7055037977493414,0.7055037977493409,-0.047585621370925306,-0.09913896140312878,-0.013094515336924243,-8.876290455474636e-16,1.1973755321115553e-10,-8.836882614942608e-10,0.0016346513987865964,0.1,0.0,0
12,213,world,2.13,0.203,1.7224492000822087,0.06396261779653782,-0.9675000059604647,0.04758562137091904,-0.7055037977493414,0.7055037977493409,-0.0475856213709253,-0.09913896140313244,-0.013094515336896593,-8.865190990925182e-16,0.0,0.0,0.0,0.1,0.0,0
12,214,world,2.14,0.20400000000000004,1.7214578104681737,0.0638316726431961,-0.9675000059604647,0.047585621370919054,-0.7055037977493414,0.7055037977493409,-0.0475856213709253,-0.09913896140313609,-0.01309451533686894,-8.854091526375729e-16,0.0,0.0,0.0,0.1,0.0,0
12,215,world,2.15,0.20500000000000002,1.720466420854139,0.06370072748985438,-0.9675000059604647,0.047585621370919054,-0.7055037977493414,0.7055037977493409,-0.0475856213709253,-0.09913896140313974,-0.01309451533684129,-8.842992061826276e-16,0.0,0.0,0.0,0.1,0.0,0
12,216,world,2.16,0.20600000000000004,1.719475031240104,0.06356978233651266,-0.9675000059604647,0.04758562137091906,-0.7055037977493414,0.7055037977493409,-0.047585621370925285,-0.09913896140314338,-0.01309451533681364,-8.831892597276822e-16,0.0,0.0,0.0,0.1,0.0,0
12,217,world,2.17,0.20700000000000002,1.718483641626069,0.06343883718317095,-0.9675000059604647,0.04758562137091906,-0.7055037977493414,0.7055037977493409,-0.047585621370925285,-0.09913896140314704,-0.013094515336785987,-8.820793132727368e-16,0.0,0.0,0.0,0.1,0.0,0
12,218,world,2.18,0.20800000000000005,1.7174922520120341,0.06330789202982921,-0.9675000059604647,0.04758562137091906,-0.7055037977493414,0.7055037977493409,-0.04758562137092528,-0.09913896140315069,-0.013094515336758338,-8.809693668177914e-16,0.0,0.0,0.0,0.1,0.0,0
12,219,world,2.19,0.20900000000000002,1.7165008623979991,0.0631769468764875,-0.9675000059604648,0.04758562137091907,-0.7055037977493414,0.7055037977493409,-0.04758562137092528,-0.09913896140315434,-0.013094515336730684,-8.798594203628461e-16,0.0,0.0,0.0,0.1,0.0,0
12,220,world,2.2,0.21000000000000002,1.7155094727839642,0.06304600172314578,-0.9675000059604648,0.04758562137091907,-0.7055037977493414,0.7055037977493409,-0.04758562137092528,-0.09913896140315799,-0.013094515336703035,-8.787494739079008e-16,0.0,0.0,0.0,0.1,0.0,0
12,221,world,2.21,0.211,1.7145180831699294,0.06291505656980406,-0.9675000059604648,0.04758562137091908,-0.7055037977493414,0.7055037977493409,-0.047585621370925264,-0.09913896140316164,-0.013094515336675381,-8.776395274529555e-16,0.0,0.0,0.0,0.1,0.0,0
12,222,world,2.22,0.21200000000000002,1.7135266935558944,0.06278411141646234,-0.9675000059604648,0.04758562137091908,-0.7055037977493414,0.7055037977493409,-0.047585621370925264,-0.0991389614031653,-0.013094515336647732,-8.765295809980101e-16,0.0,0.0,0.0,0.1,0.0,0
12,223,world,2.23,0.213,1.7125353039418596,0.06265316626312062,-0.9675000059604648,0.04758562137091908,-0.7055037977493414,0.7055037977493409,-0.04758562137092526,-0.09913896140316895,-0.013094515336620078,-8.754196345430647e-16,0.0,0.0,0.0,0.1,0.0,0
12,224,world,2.24,0.21400000000000002,1.7115439143278246,0.0625222211097789,-0.9675000059604648,0.04758562137091909,-0.7055037977493414,0.7055037977493409,-0.04758562137092526,-0.0991389614031726,-0.013094515336592429,-8.743096880881193e-16,0.0,0.0,0.0,0.1,0.0,0
12,225,world,2.25,0.215,1.7105525247137896,0.062391275956437175,-0.9675000059604648,0.04758562137091909,-0.7055037977493414,0.7055037977493409,-0.04758562137092526,-0.09913896140317625,-0.013094515336564777,-8.73199741633174e-16,0.0,0.0,0.0,0.1,0.0,0
12,226,world,2.2600000000000002,0.21600000000000003,1.7095611350997546,0.062260330803095454,-0.9675000059604648,0.0475856213709191,-0.7055037977493414,0.7055037977493409,-0.04758562137092525,-0.0991389614031799,-0.013094515336537126,-8.720897951782287e-16,0.0,0.0,0.0,0.1,0.0,0
12,227,world,2.27,0.217,1.7085697454857198,0.06212938564975373,-0.9675000059604648,0.0475856213709191,-0.7055037977493414,0.7055037977493409,-0.04758562137092525,-0.09913896140318357,-0.013094515336509474,-8.709798487232834e-16,0.0,0.0,0.0,0.1,0.0,0
12,228,world,2.2800000000000002,0.21800000000000003,1.7075783558716848,0.06199844049641201,-0.9675000059604648,0.0475856213709191,-0.7055037977493414,0.7055037977493409,-0.047585621370925237,-0.09913896140318722,-0.013094515336481823,-8.69869902268338e-16,0.0,0.0,0.0,0.1,0.0,0
12,229,world,2.29,0.219,1.70658696625765,0.06186749534307029,-0.9675000059604648,0.04758562137091911,-0.7055037977493414,0.7055037977493409,-0.047585621370925237,-0.09913896140319087,-0.013094515336454171,-8.687599558133927e-16,0.0,0.0,0.0,0.1,0.0,0
12,230,world,2.3000000000000003,0.22000000000000003,1.705595576643615,0.06173655018972857,-0.9675000059604648,0.04758562137091911,-0.7055037977493414,0.7055037977493409,-0.047585621370925237,-0.09913896140319452,-0.01309451533642652,-8.676500093584472e-16,0.0,0.0,0.0,0.1,0.0,0
12,231,world,2.31,0.221,1.70460418702958,0.061605605036386846,-0.9675000059604648,0.04758562137091912,-0.7055037977493414,0.7055037977493409,-0.04758562137092523,-0.09913896140319817,-0.013094515336398868,-8.665400629035019e-16,0.0,0.0,0.0,0.1,0.0,0
12,232,world,2.32,0.22199999999999998,1.7036127974155453,0.06147465988304513,-0.9675000059604648,0.04758562137091912,-0.7055037977493414,0.7055037977493409,-0.04758562137092523,-0.09913896140320183,-0.013094515336371217,-8.654301164485566e-16,0.0,0.0,0.0,0.1,0.0,0
12,233,world,2.33,0.223,1.7026214078015103,0.0613437147297034,-0.9675000059604649,0.04758562137091912,-0.7055037977493414,0.7055037977493409,-0.047585621370925216,-0.09913896140320548,-0.013094515336343565,-8.643201699936112e-16,0.0,0.0,0.0,0.1,0.0,0
12,234,world,2.34,0.22399999999999998,1.7016300181874753,0.06121276957636169,-0.9675000059604649,0.04758562137091913,-0.7055037977493414,0.7055037977493409,-0.047585621370925216,-0.09913896140320913,-0.013094515336315915,-8.632102235386659e-16,0.0,0.0,0.0,0.1,0.0,0
12,235,world,2.35,0.225,1.7006386285734405,0.061081824423019966,-0.9675000059604649,0.04758562137091913,-0.7055037977493414,0.7055037977493409,-0.047585621370925216,-0.09913896140321278,-0.013094515336288262,-8.621002770837206e-16,0.0,0.0,0.0,0.1,0.0,0
12,236,world,2.36,0.22599999999999998,1.6996472389594055,0.060950879269678244,-0.9675000059604649,0.04758562137091914,-0.7055037977493414,0.7055037977493409,-0.04758562137092521,-0.09913896140321643,-0.013094515336260612,-8.609903306287751e-16,0.0,0.0,0.0,0.1,0.0,0
12,237,world,2.37,0.227,1.6986558493453705,0.06081993411633652,-0.9675000059604649,0.04758562137091914,-0.7055037977493414,0.7055037977493409,-0.04758562137092521,-0.0991389614032201,-0.01309451533623296,-8.598803841738298e-16,0.0,0.0,0.0,0.1,0.0,0
12,238,world,2.38,0.22799999999999998,1.6976644597313357,0.0606889889629948,-0.9675000059604649,0.04758562137091914,-0.7055037977493414,0.7055037977493409,-0.0475856213709252,-0.09913896140322374,-0.01309451533620531,-8.587704377188845e-16,0.0,0.0,0.0,0.1,0.0,0
12,239,world,2.39,0.229,1.6966730701173007,0.06055804380965308,-0.9675000059604649,0.04758562137091915,-0.7055037977493414,0.7055037977493409,-0.0475856213709252,-0.0991389614032274,-0.013094515336177656,-8.576604912639391e-16,0.0,0.0,0.0,0.1,0.0,0
12,240,world,2.4,0.22999999999999998,1.6956816805032657,0.06042709865631136,-0.9675000059604649,0.04758562137091915,-0.7055037977493414,0.7055037977493409,-0.0475856213709252,-0.09913896140323104,-0.013094515336150006,-8.565505448089938e-16,0.0,0.0,0.0,0.1,0.0,0
12,241,world,2.41,0.231,1.694690290889231,0.060296153502969636,-0.9675000059604649,0.04758562137091916,-0.7055037977493414,0.7055037977493409,-0.04758562137092519,-0.0991389614032347,-0.013094515336122357,-8.554405983540483e-16,0.0,0.0,0.0,0.1,0.0,0
12,242,world,2.42,0.23199999999999998,1.693698901275196,0.06016520834962792,-0.9675000059604649,0.04758562137091916,-0.7055037977493414,0.7055037977493409,-0.04758562137092519,-0.09913896140323836,-0.013094515336094707,-8.543306518991032e-16,0.0,0.0,0.0,0.1,0.0,0
12,243,world,2.43,0.233,1.692707511661161,0.06003426319628619,-0.9675000059604649,0.04758562137091916,-0.7055037977493414,0.7055037977493409,-0.04758562137092518,-0.09913896140324199,-0.013094515336067054,-8.532207054441577e-16,0.0,0.0,0.0,0.1,0.0,0
12,244,world,2.44,0.23399999999999999,1.6917161220471262,0.05990331804294448,-0.9675000059604649,0.04758562137091917,-0.7055037977493414,0.7055037977493409,-0.04758562137092518,-0.09913896140324564,-0.0130945153360394,-8.521107589892124e-16,0.0,0.0,0.0,0.1,0.0,0
12,245,world,2.45,0.23500000000000001,1.6907247324330912,0.05977237288960275,-0.9675000059604649,0.04758562137091917,-0.7055037977493414,0.7055037977493409,-0.04758562137092518,-0.09913896140324929,-0.01309451533601175,-8.51000812534267e-16,0.0,0.0,0.0,0.1,0.0,0
12,246,world,2.46,0.236,1.6897333428190562,0.059641427736261035,-0.9675000059604649,0.04758562137091918,-0.7055037977493414,0.7055037977493409,-0.04758562137092517,-0.09913896140325296,-0.013094515335984097,-8.498908660793217e-16,0.0,0.0,0.0,0.1,0.0,0
12,247,world,2.47,0.23700000000000002,1.6887419532050214,0.05951048258291931,-0.9675000059604649,0.04758562137091918,-0.7055037977493414,0.7055037977493409,-0.04758562137092517,-0.0991389614032566,-0.013094515335956448,-8.487809196243762e-16,0.0,0.0,0.0,0.1,0.0,0
12,248,world,2.48,0.238,1.6877505635909864,0.05937953742957759,-0.967500005960465,0.04758562137091918,-0.7055037977493414,0.7055037977493409,-0.04758562137092516,-0.09913896140326026,-0.013094515335928794,-8.47670973169431e-16,0.0,0.0,0.0,0.1,0.0,0
12,249,world,2.49,0.23900000000000002,1.6867591739769514,0.05924859227623587,-0.967500005960465,0.047585621370919186,-0.7055037977493414,0.7055037977493409,-0.04758562137092516,-0.0991389614032639,-0.013094515335901145,-8.465610267144856e-16,0.0,0.0,0.0,0.1,0.0,0
12,250,world,2.5,0.24,1.6857677843629166,0.05911764712289415,-0.967500005960465,0.047585621370919186,-0.7055037977493414,0.7055037977493409,-0.04758562137092516,-0.09913896140326756,-0.013094515335873495,-8.454510802595401e-16,0.0,0.0,0.0,0.1,0.0,0
12,251,world,2.5100000000000002,0.24100000000000002,1.6847763947488816,0.05898670196955243,-0.967500005960465,0.0475856213709192,-0.7055037977493414,0.7055037977493409,-0.047585621370925146,-0.09913896140327122,-0.013094515335845842,-8.443411338045949e-16,0.0,0.0,0.0,0.1,0.0,0
12,252,world,2.52,0.242,1.6837850051348466,0.058855756816210705,-0.967500005960465,0.0475856213709192,-0.7055037977493414,0.7055037977493409,-0.047585621370925146,-0.09913896140327487,-0.013094515335818192,-8.432311873496496e-16,0.0,0.0,0.0,0.1,0.0,0
12,253,world,2.5300000000000002,0.24300000000000002,1.6827936155208119,0.058724811662868984,-0.967500005960465,0.0475856213709192,-0.7055037977493414,0.7055037977493409,-0.04758562137092514,-0.09913896140327852,-0.013094515335790539,-8.421212408947041e-16,0.0,0.0,0.0,0.1,0.0,0
12,254,world,2.54,0.244,1.6818022259067769,0.05859386650952726,-0.967500005960465,0.04758562137091921,-0.7055037977493414,0.7055037977493409,-0.04758562137092514,-0.09913896140328217,-0.013094515335762889,-8.410112944397589e-16,0.0,0.0,0.0,0.1,0.0,0
12,255,world,2.5500000000000003,0.24500000000000002,1.6808108362927419,0.05846292135618554,-0.967500005960465,0.04758562137091921,-0.7055037977493414,0.7055037977493409,-0.04758562137092514,-0.09913896140328582,-0.013094515335735236,-8.399013479848134e-16,0.0,0.0,0.0,0.1,0.0,0
12,256,world,2.56,0.246,1.679819446678707,0.05833197620284382,-0.967500005960465,0.04758562137091922,-0.7055037977493414,0.7055037977493409,-0.04758562137092513,-0.09913896140328948,-0.013094515335707586,-8.38791401529868e-16,0.0,0.0,0.0,0.1,0.0,0
12,257,world,2.57,0.247,1.678828057064672,0.0582010310495021,-0.967500005960465,0.04758562137091922,-0.7055037977493414,0.7055037977493409,-0.04758562137092513,-0.09913896140329313,-0.013094515335679933,-8.376814550749228e-16,0.0,0.0,0.0,0.1,0.0,0
12,258,world,2.58,0.248,1.677836667450637,0.058070085896160376,-0.967500005960465,0.04758562137091922,-0.7055037977493414,0.7055037977493409,-0.04758562137092512,-0.09913896140329678,-0.013094515335652283,-8.365715086199773e-16,0.0,0.0,0.0,0.1,0.0,0
12,259,world,2.59,0.249,1.6768452778366023,0.05793914074281866,-0.967500005960465,0.04758562137091923,-0.7055037977493414,0.7055037977493409,-0.04758562137092512,-0.09913896140330043,-0.013094515335624633,-8.35461562165032e-16,0.0,0.0,0.0,0.1,0.0,0
12,260,world,2.6,0.25,1.6758538882225673,0.05780819558947694,-0.967500005960465,0.04758562137091923,-0.7055037977493414,0.7055037977493409,-0.04758562137092512,-0.09913896140330408,-0.01309451533559698,-8.343516157100868e-16,0.0,0.0,0.0,0.1,0.0,0
12,261,world,2.61,0.251,1.6748624986085323,0.05767725043613522,-0.967500005960465,0.04758562137091924,-0.7055037977493414,0.7055037977493409,-0.04758562137092511,-0.09913896140330775,-0.01309451533556933,-8.332416692551413e-16,0.0,0.0,0.0,0.1,0.0,0
12,262,world,2.62,0.252,1.6738711089944975,0.057546305282793496,-0.9675000059604651,0.04758562137091924,-0.7055037977493414,0.7055037977493409,-0.04758562137092511,-0.0991389614033114,-0.013094515335541677,-8.321317228001959e-16,0.0,0.0,0.0,0.1,0.0,0
12,263,world,2.63,0.253,1.6728797193804625,0.057415360129451774,-0.9675000059604651,0.04758562137091924,-0.7055037977493414,0.7055037977493409,-0.0475856213709251,-0.09913896140331505,-0.013094515335514027,-8.310217763452507e-16,0.0,0.0,0.0,0.1,0.0,0
12,264,world,2.64,0.254,1.6718883297664275,0.05728441497611005,-0.9675000059604651,0.04758562137091925,-0.7055037977493414,0.7055037977493409,-0.0475856213709251,-0.0991389614033187,-0.013094515335486374,-8.299118298903052e-16,0.0,0.0,0.0,0.1,0.0,0
12,265,world,2.65,0.255,1.6708969401523928,0.05715346982276833,-0.9675000059604651,0.04758562137091925,-0.7055037977493414,0.7055037977493409,-0.0475856213709251,-0.09913896140332235,-0.013094515335458724,-8.288018834353599e-16,0.0,0.0,0.0,0.1,0.0,0
12,266,world,2.66,0.256,1.6699055505383578,0.05702252466942661,-0.9675000059604651,0.04758562137091925,-0.7055037977493414,0.7055037977493409,-0.04758562137092509,-0.09913896140332601,-0.013094515335431076,-8.276919369804148e-16,0.0,0.0,0.0,0.1,0.0,0
12,267,world,2.67,0.257,1.668914160924323,0.05689157951608489,-0.9675000059604651,0.047585621370919255,-0.7055037977493414,0.7055037977493409,-0.04758562137092509,-0.09913896140332965,-0.013094515335403421,-8.265819905254692e-16,0.0,0.0,0.0,0.1,0.0,0
12,268,world,2.68,0.258,1.667922771310288,0.056760634362743166,-0.9675000059604651,0.047585621370919255,-0.7055037977493414,0.7055037977493409,-0.047585621370925084,-0.0991389614033333,-0.01309451533537577,-8.254720440705239e-16,0.0,0.0,0.0,0.1,0.0,0
12,269,world,2.69,0.259,1.666931381696253,0.056629689209401445,-0.9675000059604651,0.04758562137091927,-0.7055037977493414,0.7055037977493409,-0.047585621370925084,-0.09913896140333696,-0.01309451533534812,-8.243620976155786e-16,0.0,0.0,0.0,0.1,0.0,0
12,270,world,2.7,0.26,1.6659399920822182,0.05649874405605972,-0.9675000059604651,0.04758562137091927,-0.7055037977493414,0.7055037977493409,-0.047585621370925084,-0.09913896140334061,-0.013094515335320467,-8.232521511606331e-16,0.0,0.0,0.0,0.1,0.0,0
12,271,world,2.71,0.261,1.6649486024681832,0.056367798902718,-0.9675000059604651,0.04758562137091927,-0.7055037977493414,0.7055037977493409,-0.04758562137092507,-0.09913896140334426,-0.013094515335292815,-8.221422047056878e-16,0.0,0.0,0.0,0.1,0.0,0
12,272,world,2.72,0.262,1.6639572128541482,0.05623685374937628,-0.9675000059604651,0.047585621370919276,-0.7055037977493414,0.7055037977493409,-0.04758562137092507,-0.09913896140334792,-0.013094515335265167,-8.210322582507426e-16,0.0,0.0,0.0,0.1,0.0,0
12,273,world,2.73,0.263,1.6629658232401134,0.056105908596034565,-0.9675000059604651,0.047585621370919276,-0.7055037977493414,0.7055037977493409,-0.04758562137092506,-0.09913896140335156,-0.013094515335237512,-8.199223117957971e-16,0.0,0.0,0.0,0.1,0.0,0
12,274,world,2.74,0.264,1.6619744336260784,0.05597496344269284,-0.9675000059604651,0.04758562137091929,-0.7055037977493414,0.7055037977493409,-0.04758562137092506,-0.09913896140335521,-0.013094515335209861,-8.188123653408518e-16,0.0,0.0,0.0,0.1,0.0,0
12,275,world,2.75,0.265,1.6609830440120434,0.05584401828935112,-0.9675000059604651,0.04758562137091929,-0.7055037977493414,0.7055037977493409,-0.04758562137092506,-0.09913896140335887,-0.013094515335182211,-8.1770241888590635e-16,0.0,0.0,0.0,0.1,0.0,0
12,276,world,2.7600000000000002,0.266,1.6599916543980087,0.0557130731360094,-0.9675000059604653,0.04758562137091929,-0.7055037977493414,0.7055037977493409,-0.04758562137092505,-0.09913896140336252,-0.013094515335154558,-8.16592472430961e-16,0.0,0.0,0.0,0.1,0.0,0
12,277,world,2.77,0.267,1.6590002647839737,0.05558212798266768,-0.9675000059604653,0.0475856213709193,-0.7055037977493414,0.7055037977493409,-0.04758562137092505,-0.09913896140336617,-0.013094515335126908,-8.154825259760157e-16,0.0,0.0,0.0,0.1,0.0,0
12,278,world,2.7800000000000002,0.268,1.6580088751699387,0.05545118282932596,-0.9675000059604653,0.0475856213709193,-0.7055037977493414,0.7055037977493409,-0.04758562137092504,-0.09913896140336982,-0.013094515335099255,-8.143725795210703e-16,0.0,0.0,0.0,0.1,0.0,0
12,279,world,2.79,0.269,1.657017485555904,0.055320237675984235,-0.9675000059604653,0.04758562137091931,-0.7055037977493414,0.7055037977493409,-0.04758562137092504,-0.09913896140337347,-0.013094515335071605,-8.13262633066125e-16,0.0,0.0,0.0,0.1,0.0,0
12,280,world,2.8000000000000003,0.27,1.656026095941869,0.055189292522642514,-0.9675000059604653,0.04758562137091931,-0.7055037977493414,0.7055037977493409,-0.04758562137092504,-0.09913896140337713,-0.013094515335043952,-8.121526866111796e-16,0.0,0.0,0.0,0.1,0.0,0
12,281,world,2.81,0.271,1.655034706327834,0.05505834736930079,-0.9675000059604653,0.04758562137091931,-0.7055037977493414,0.7055037977493409,-0.04758562137092503,-0.09913896140338078,-0.013094515335016302,-8.110427401562343e-16,0.0,0.0,0.0,0.1,0.0,0
12,282,world,2.82,0.27199999999999996,1.6540433167137991,0.05492740221595908,-0.9675000059604653,0.04758562137091932,-0.7055037977493414,0.7055037977493409,-0.04758562137092503,-0.09913896140338443,-0.013094515334988649,-8.099327937012889e-16,0.0,0.0,0.0,0.1,0.0,0
12,283,world,2.83,0.273,1.6530519270997641,0.05479645706261735,-0.9675000059604653,0.04758562137091932,-0.7055037977493414,0.7055037977493409,-0.04758562137092502,-0.09913896140338808,-0.013094515334961,-8.088228472463435e-16,0.0,0.0,0.0,0.1,0.0,0
12,284,world,2.84,0.27399999999999997,1.6520605374857293,0.054665511909275634,-0.9675000059604653,0.047585621370919325,-0.7055037977493414,0.7055037977493409,-0.04758562137092502,-0.09913896140339173,-0.01309451533493335,-8.077129007913982e-16,0.0,0.0,0.0,0.1,0.0,0
12,285,world,2.85,0.275,1.6510691478716943,0.054534566755933905,-0.9675000059604653,0.047585621370919325,-0.7055037977493414,0.7055037977493409,-0.04758562137092502,-0.0991389614033954,-0.013094515334905696,-8.066029543364529e-16,0.0,0.0,0.0,0.1,0.0,0
12,286,world,2.86,0.27599999999999997,1.6500777582576593,0.05440362160259219,-0.9675000059604653,0.047585621370919325,-0.7055037977493414,0.7055037977493409,-0.047585621370925014,-0.09913896140339905,-0.013094515334878046,-8.054930078815076e-16,0.0,0.0,0.0,0.1,0.0,0
12,287,world,2.87,0.277,1.6490863686436243,0.05427267644925046,-0.9675000059604653,0.04758562137091934,-0.7055037977493414,0.7055037977493409,-0.047585621370925014,-0.0991389614034027,-0.013094515334850393,-8.043830614265622e-16,0.0,0.0,0.0,0.1,0.0,0
12,288,world,2.88,0.27799999999999997,1.6480949790295896,0.05414173129590875,-0.9675000059604653,0.04758562137091934,-0.7055037977493414,0.7055037977493409,-0.047585621370925,-0.09913896140340635,-0.013094515334822743,-8.0327311497161685e-16,0.0,0.0,0.0,0.1,0.0,0
12,289,world,2.89,0.279,1.6471035894155546,0.05401078614256702,-0.9675000059604653,0.047585621370919345,-0.7055037977493414,0.7055037977493409,-0.047585621370925,-0.09913896140341,-0.01309451533479509,-8.021631685166714e-16,0.0,0.0,0.0,0.1,0.0,0
12,290,world,2.9,0.27999999999999997,1.6461121998015198,0.05387984098922531,-0.9675000059604653,0.047585621370919345,-0.7055037977493414,0.7055037977493409,-0.047585621370925,-0.09913896140341366,-0.01309451533476744,-8.010532220617261e-16,0.0,0.0,0.0,0.1,0.0,0
12,291,world,2.91,0.281,1.6451208101874848,0.053748895835883576,-0.9675000059604654,0.047585621370919345,-0.7055037977493414,0.7055037977493409,-0.047585621370924994,-0.09913896140341731,-0.013094515334739792,-7.999432756067808e-16,0.0,0.0,0.0,0.1,0.0,0
12,292,world,2.92,0.282,1.6441294205734498,0.05361795068254187,-0.9675000059604654,0.04758562137091936,-0.7055037977493414,0.7055037977493409,-0.047585621370924994,-0.09913896140342096,-0.013094515334712141,-7.988333291518355e-16,0.0,0.0,0.0,0.1,0.0,0
12,293,world,2.93,0.28300000000000003,1.6431380309594148,0.05348700552920013,-0.9675000059604654,0.04758562137091936,-0.7055037977493414,0.7055037977493409,-0.04758562137092498,-0.09913896140342461,-0.01309451533468449,-7.977233826968903e-16,0.0,0.0,0.0,0.1,0.0,0
12,294,world,2.94,0.284,1.64214664134538,0.053356060375858425,-0.9675000059604654,0.047585621370919366,-0.7055037977493414,0.7055037977493409,-0.04758562137092498,-0.09913896140342826,-0.013094515334656835,-7.966134362419448e-16,0.0,0.0,0.0,0.1,0.0,0
12,295,world,2.95,0.28500000000000003,1.641155251731345,0.053225115222516696,-0.9675000059604654,0.047585621370919366,-0.7055037977493414,0.7055037977493409,-0.04758562137092498,-0.09913896140343192,-0.013094515334629186,-7.955034897869994e-16,0.0,0.0,0.0,0.1,0.0,0
12,296,world,2.96,0.286,1.6401638621173102,0.05309417006917498,-0.9675000059604654,0.047585621370919366,-0.7055037977493414,0.7055037977493409,-0.04758562137092497,-0.09913896140343557,-0.013094515334601535,-7.943935433320542e-16,0.0,0.0,0.0,0.1,0.0,0
12,297,world,2.97,0.28700000000000003,1.6391724725032752,0.05296322491583325,-0.9675000059604654,0.04758562137091937,-0.7055037977493414,0.7055037977493409,-0.04758562137092497,-0.09913896140343921,-0.013094515334573882,-7.932835968771086e-16,0.0,0.0,0.0,0.1,0.0,0
12,298,world,2.98,0.288,1.6381810828892402,0.05283227976249154,-0.9675000059604654,0.04758562137091937,-0.7055037977493414,0.7055037977493409,-0.047585621370924966,-0.09913896140344287,-0.013094515334546232,-7.921736504221634e-16,0.0,0.0,0.0,0.1,0.0,0
12,299,world,2.99,0.28900000000000003,1.6371896932752052,0.05270133460914981,-0.9675000059604654,0.04758562137091939,-0.7055037977493414,0.7055037977493409,-0.047585621370924966,-0.09913896140344652,-0.01309451533451858,-7.91063703967218e-16,0.0,0.0,0.0,0.1,0.0,0
12,300,world,3.0,0.29,1.6361983036611705,0.052570389455808095,-0.9675000059604654,0.04758562137091939,-0.7055037977493414,0.7055037977493409,-0.047585621370924966,-0.09913896140345017,-0.013094515334490929,-7.899537575122727e-16,0.0,0.0,0.0,0.1,0.0,0
12,301,world,3.0100000000000002,0.29100000000000004,1.6352069140471355,0.052439444302466366,-0.9675000059604654,0.04758562137091939,-0.7055037977493414,0.7055037977493409,-0.04758562137092495,-0.09913896140345382,-0.013094515334463276,-7.888438110573273e-16,0.0,0.0,0.0,0.1,0.0,0
12,302,world,3.02,0.29199447660330313,1.63422100027122,0.05230922241115209,-0.9675000059604654,0.047585621370919394,-0.7055037977493414,0.7055037977493409,-0.04758562137092495,-0.09680900667432808,-0.01278676924251372,-7.692266025468297e-16,0.0,0.0,0.0,0.09764980922117253,-0.5,0
12,303,world,3.0300000000000002,0.29294597469551487,1.6332776949448273,0.05218462834756307,-0.9675000059604654,0.047585621370919394,-0.7055037977493414,0.7055037977493409,-0.047585621370924945,-0.09185205860415831,-0.012132043475767539,-7.288611170906546e-16,0.0,0.0,0.0,0.09264980922117241,-0.5,0
12,304,world,3.04,0.2938474727877266,1.6323839590991363,0.052066581541641135,-0.9675000059604654,0.047585621370919394,-0.7055037977493414,0.7055037977493409,-0.047585621370924945,-0.08689511053398825,-0.011477317709025228,-6.886498861254259e-16,0.0,0.0,0.0,0.08764980922117252,-0.5,0
12,305,world,3.0500000000000003,0.29469897087993835,1.631539792734147,0.05195508199338628,-0.9675000059604655,0.04758562137091941,-0.7055037977493414,0.7055037977493409,-0.047585621370924945,-0.0819381624638175,-0.010822591942286526,-6.485845850527279e-16,0.0,0.0,0.0,0.0826498092211724,-0.5,0
12,306,world,3.06,0.29550046897215004,1.6307451958498596,0.05185012970279852,-0.9675000059604655,0.04758562137091941,-0.7055037977493414,0.7055037977493409,-0.04758562137092493,-0.07698121439364651,-0.010167866175551281,-6.086568892741522e-16,0.0,0.0,0.0,0.07764980922117251,-0.5,0
12,307,world,3.0700000000000003,0.2962519670643618,1.6300001684462737,0.05175172466987785,-0.9675000059604655,0.04758562137091941,-0.7055037977493414,0.7055037977493409,-0.04758562137092493,-0.07202426632347488,-0.00951314040881923,-5.688584741912831e-16,0.0,0.0,0.0,0.0726498092211724,-0.5,0
12,308,world,3.08,0.2969534651565735,1.6293047105233898,0.05165986689462426,-0.9675000059604655,0.047585621370919415,-0.7055037977493414,0.7055037977493409,-0.04758562137092493,-0.06706731825330306,-0.008858414642090218,-5.291810152057119e-16,0.0,0.0,0.0,0.0676498092211725,-0.5,0
12,309,world,3.09,0.29760496324878516,1.6286588220812075,0.05157455637703777,-0.9675000059604655,0.047585621370919415,-0.7055037977493414,0.7055037977493409,-0.04758562137092493,-0.06211037018313088,-0.008203688875364015,-4.896161877190249e-16,0.0,0.0,0.0,0.06264980922117261,-0.5,0
12,310,world,3.1,0.29820646134099693,1.628062503119727,0.05149579311711834,-0.9675000059604655,0.047585621370919415,-0.7055037977493414,0.7055037977493409,-0.047585621370924924,-0.05715342211295813,-0.007548963108640378,-4.501556671328082e-16,0.0,0.0,0.0,0.05764980922117249,-0.5,0
12,311,world,3.11,0.29875795943320865,1.6275157536389482,0.05142357711486601,-0.9675000059604655,0.047585621370919415,-0.7055037977493414,0.7055037977493409,-0.047585621370924924,-0.052196474042785296,-0.006894237341919164,-4.107911288486534e-16,0.0,0.0,0.0,0.0526498092211726,-0.5,0
12,312,world,3.12,0.2992594575254204,1.6270185736388711,0.051357908370280765,-0.9675000059604655,0.04758562137091943,-0.7055037977493414,0.7055037977493409,-0.047585621370924924,-0.04723952597261195,-0.006239511575200103,-3.7151424826814445e-16,0.0,0.0,0.0,0.047649809221172484,-0.5,0
12,313,world,3.13,0.2997109556176321,1.6265709631194958,0.051298786883362604,-0.9675000059604655,0.04758562137091943,-0.7055037977493414,0.7055037977493409,-0.047585621370924924,-0.042282577902438556,-0.005584785808483047,-3.323167007928731e-16,0.0,0.0,0.0,0.04264980922117259,-0.5,0
12,314,world,3.14,0.30011245370984385,1.6261729220808223,0.051246212654111535,-0.9675000059604655,0.04758562137091943,-0.7055037977493414,0.7055037977493409,-0.047585621370924924,-0.03732562983226471,-0.004930060041767732,-2.9319016182442377e-16,0.0,0.0,0.0,0.037649809221172476,-0.5,0
12,315,world,3.15,0.30046395180205554,1.6258244505228505,0.05120018568252755,-0.9675000059604655,0.04758562137091943,-0.7055037977493414,0.7055037977493409,-0.04758562137092491,-0.03236868176209088,-0.004275334275054008,-2.5412630676438787e-16,0.0,0.0,0.0,0.03264980922117258,-0.5,0
12,316,world,3.16,0.3007654498942673,1.6255255484455804,0.05116070596861065,-0.9675000059604655,0.04758562137091943,-0.7055037977493414,0.7055037977493409,-0.04758562137092491,-0.02741173369191665,-0.0036206085083416066,-2.1511681101434964e-16,0.0,0.0,0.0,0.027649809221172467,-0.5,0
12,317,world,3.17,0.301016947986479,1.6252762158490122,0.051127773512360836,-0.9675000059604655,0.04758562137091943,-0.7055037977493414,0.7055037977493409,-0.04758562137092491,-0.02245478562174249,-0.0029658827416303843,-1.7615334997590067e-16,0.0,0.0,0.0,0.022649809221172573,-0.5,0
12,318,world,3.18,0.30121844607869075,1.6250764527331456,0.0511013883137781,-0.9675000059604655,0.04758562137091943,-0.7055037977493414,0.7055037977493409,-0.04758562137092491,-0.017497837551567984,-0.0023111569749200704,-1.3722759905062523e-16,0.0,0.0,0.0,0.017649809221172458,-0.5,0
12,319,world,3.19,0.30136994417090246,1.6249262590979807,0.05108155037286246,-0.9675000059604655,0.04758562137091943,-0.7055037977493414,0.7055037977493409,-0.04758562137092491,-0.012540889481393602,-0.0016564312082105188,-9.833123364011482e-17,0.0,0.0,0.0,0.012649809221172564,-0.5,0
12,320,world,3.2,0.30147144226311423,1.6248256349435177,0.0510682596896139,-0.9675000059604655,0.047585621370919436,-0.7055037977493414,0.7055037977493409,-0.04758562137092491,-0.007583941411218931,-0.001001705441501462,-5.94559291459538e-17,0.0,0.0,0.0,0.007649809221172449,-0.5,0
12,321,world,3.21,0.3015229403553259,1.6247745802697564,0.051061516264032436,-0.9675000059604655,0.047585621370919436,-0.7055037977493414,0.7055037977493409,-0.04758562137092491,-0.0026269933410444386,-0.0003469796747927519,-2.059336096973361e-17,0.0,0.0,0.0,0.0026498092211725555,-0.5,0
12,322,world,3.215299618442345,0.30152996184423453,1.6247676192385774,0.05106059683409061,-0.9675000059604655,0.047585621370919436,-0.7055037977493414,0.7055037977493409,-0.04758562137092491,-0.0,-0.0,-0.0,0.0,0.0,0.0,0.0,0.0,0
